trainval/train/image/christchurch_9.tif,trainval/train/label/christchurch_9.tif
trainval/train/image/christchurch_10.tif,trainval/train/label/christchurch_10.tif
trainval/train/image/christchurch_11.tif,trainval/train/label/christchurch_11.tif
trainval/train/image/christchurch_12.tif,trainval/train/label/christchurch_12.tif
trainval/train/image/christchurch_16.tif,trainval/train/label/christchurch_16.tif
trainval/train/image/christchurch_21.tif,trainval/train/label/christchurch_21.tif
trainval/train/image/christchurch_22.tif,trainval/train/label/christchurch_22.tif
trainval/train/image/christchurch_23.tif,trainval/train/label/christchurch_23.tif
trainval/train/image/christchurch_24.tif,trainval/train/label/christchurch_24.tif
trainval/train/image/christchurch_25.tif,trainval/train/label/christchurch_25.tif
trainval/train/image/christchurch_26.tif,trainval/train/label/christchurch_26.tif
trainval/train/image/christchurch_29.tif,trainval/train/label/christchurch_29.tif
trainval/train/image/christchurch_30.tif,trainval/train/label/christchurch_30.tif
trainval/train/image/christchurch_35.tif,trainval/train/label/christchurch_35.tif
trainval/train/image/christchurch_36.tif,trainval/train/label/christchurch_36.tif
trainval/train/image/christchurch_37.tif,trainval/train/label/christchurch_37.tif
trainval/train/image/christchurch_38.tif,trainval/train/label/christchurch_38.tif
trainval/train/image/christchurch_39.tif,trainval/train/label/christchurch_39.tif
trainval/train/image/christchurch_40.tif,trainval/train/label/christchurch_40.tif
trainval/train/image/christchurch_42.tif,trainval/train/label/christchurch_42.tif
trainval/train/image/christchurch_45.tif,trainval/train/label/christchurch_45.tif
trainval/train/image/christchurch_46.tif,trainval/train/label/christchurch_46.tif
trainval/train/image/christchurch_47.tif,trainval/train/label/christchurch_47.tif
trainval/train/image/christchurch_49.tif,trainval/train/label/christchurch_49.tif
trainval/train/image/christchurch_50.tif,trainval/train/label/christchurch_50.tif
trainval/train/image/christchurch_52.tif,trainval/train/label/christchurch_52.tif
trainval/train/image/christchurch_53.tif,trainval/train/label/christchurch_53.tif
trainval/train/image/christchurch_54.tif,trainval/train/label/christchurch_54.tif
trainval/train/image/christchurch_55.tif,trainval/train/label/christchurch_55.tif
trainval/train/image/christchurch_56.tif,trainval/train/label/christchurch_56.tif
trainval/train/image/christchurch_57.tif,trainval/train/label/christchurch_57.tif
trainval/train/image/christchurch_59.tif,trainval/train/label/christchurch_59.tif
trainval/train/image/christchurch_60.tif,trainval/train/label/christchurch_60.tif
trainval/train/image/christchurch_61.tif,trainval/train/label/christchurch_61.tif
trainval/train/image/christchurch_63.tif,trainval/train/label/christchurch_63.tif
trainval/train/image/christchurch_64.tif,trainval/train/label/christchurch_64.tif
trainval/train/image/christchurch_65.tif,trainval/train/label/christchurch_65.tif
trainval/train/image/christchurch_66.tif,trainval/train/label/christchurch_66.tif
trainval/train/image/christchurch_72.tif,trainval/train/label/christchurch_72.tif
trainval/train/image/christchurch_74.tif,trainval/train/label/christchurch_74.tif
trainval/train/image/christchurch_75.tif,trainval/train/label/christchurch_75.tif
trainval/train/image/christchurch_76.tif,trainval/train/label/christchurch_76.tif
trainval/train/image/christchurch_78.tif,trainval/train/label/christchurch_78.tif
trainval/train/image/christchurch_79.tif,trainval/train/label/christchurch_79.tif
trainval/train/image/christchurch_80.tif,trainval/train/label/christchurch_80.tif
trainval/train/image/christchurch_83.tif,trainval/train/label/christchurch_83.tif
trainval/train/image/christchurch_84.tif,trainval/train/label/christchurch_84.tif
trainval/train/image/christchurch_90.tif,trainval/train/label/christchurch_90.tif
trainval/train/image/christchurch_91.tif,trainval/train/label/christchurch_91.tif
trainval/train/image/christchurch_92.tif,trainval/train/label/christchurch_92.tif
trainval/train/image/christchurch_93.tif,trainval/train/label/christchurch_93.tif
trainval/train/image/christchurch_94.tif,trainval/train/label/christchurch_94.tif
trainval/train/image/christchurch_96.tif,trainval/train/label/christchurch_96.tif
trainval/train/image/christchurch_97.tif,trainval/train/label/christchurch_97.tif
trainval/train/image/christchurch_102.tif,trainval/train/label/christchurch_102.tif
trainval/train/image/christchurch_103.tif,trainval/train/label/christchurch_103.tif
trainval/train/image/christchurch_106.tif,trainval/train/label/christchurch_106.tif
trainval/train/image/christchurch_108.tif,trainval/train/label/christchurch_108.tif
trainval/train/image/christchurch_112.tif,trainval/train/label/christchurch_112.tif
trainval/train/image/christchurch_113.tif,trainval/train/label/christchurch_113.tif
trainval/train/image/christchurch_114.tif,trainval/train/label/christchurch_114.tif
trainval/train/image/christchurch_115.tif,trainval/train/label/christchurch_115.tif
trainval/train/image/christchurch_116.tif,trainval/train/label/christchurch_116.tif
trainval/train/image/christchurch_117.tif,trainval/train/label/christchurch_117.tif
trainval/train/image/christchurch_121.tif,trainval/train/label/christchurch_121.tif
trainval/train/image/christchurch_122.tif,trainval/train/label/christchurch_122.tif
trainval/train/image/christchurch_124.tif,trainval/train/label/christchurch_124.tif
trainval/train/image/christchurch_125.tif,trainval/train/label/christchurch_125.tif
trainval/train/image/christchurch_126.tif,trainval/train/label/christchurch_126.tif
trainval/train/image/christchurch_127.tif,trainval/train/label/christchurch_127.tif
trainval/train/image/christchurch_128.tif,trainval/train/label/christchurch_128.tif
trainval/train/image/christchurch_129.tif,trainval/train/label/christchurch_129.tif
trainval/train/image/christchurch_130.tif,trainval/train/label/christchurch_130.tif
trainval/train/image/christchurch_132.tif,trainval/train/label/christchurch_132.tif
trainval/train/image/christchurch_133.tif,trainval/train/label/christchurch_133.tif
trainval/train/image/christchurch_135.tif,trainval/train/label/christchurch_135.tif
trainval/train/image/christchurch_136.tif,trainval/train/label/christchurch_136.tif
trainval/train/image/christchurch_140.tif,trainval/train/label/christchurch_140.tif
trainval/train/image/christchurch_142.tif,trainval/train/label/christchurch_142.tif
trainval/train/image/christchurch_143.tif,trainval/train/label/christchurch_143.tif
trainval/train/image/christchurch_146.tif,trainval/train/label/christchurch_146.tif
trainval/train/image/christchurch_147.tif,trainval/train/label/christchurch_147.tif
trainval/train/image/christchurch_148.tif,trainval/train/label/christchurch_148.tif
trainval/train/image/christchurch_149.tif,trainval/train/label/christchurch_149.tif
trainval/train/image/christchurch_150.tif,trainval/train/label/christchurch_150.tif
trainval/train/image/christchurch_151.tif,trainval/train/label/christchurch_151.tif
trainval/train/image/christchurch_152.tif,trainval/train/label/christchurch_152.tif
trainval/train/image/christchurch_153.tif,trainval/train/label/christchurch_153.tif
trainval/train/image/christchurch_154.tif,trainval/train/label/christchurch_154.tif
trainval/train/image/christchurch_155.tif,trainval/train/label/christchurch_155.tif
trainval/train/image/christchurch_156.tif,trainval/train/label/christchurch_156.tif
trainval/train/image/christchurch_160.tif,trainval/train/label/christchurch_160.tif
trainval/train/image/christchurch_161.tif,trainval/train/label/christchurch_161.tif
trainval/train/image/christchurch_164.tif,trainval/train/label/christchurch_164.tif
trainval/train/image/christchurch_165.tif,trainval/train/label/christchurch_165.tif
trainval/train/image/christchurch_167.tif,trainval/train/label/christchurch_167.tif
trainval/train/image/christchurch_168.tif,trainval/train/label/christchurch_168.tif
trainval/train/image/christchurch_169.tif,trainval/train/label/christchurch_169.tif
trainval/train/image/christchurch_170.tif,trainval/train/label/christchurch_170.tif
trainval/train/image/christchurch_171.tif,trainval/train/label/christchurch_171.tif
trainval/train/image/christchurch_173.tif,trainval/train/label/christchurch_173.tif
trainval/train/image/christchurch_174.tif,trainval/train/label/christchurch_174.tif
trainval/train/image/christchurch_175.tif,trainval/train/label/christchurch_175.tif
trainval/train/image/christchurch_176.tif,trainval/train/label/christchurch_176.tif
trainval/train/image/christchurch_180.tif,trainval/train/label/christchurch_180.tif
trainval/train/image/christchurch_181.tif,trainval/train/label/christchurch_181.tif
trainval/train/image/christchurch_182.tif,trainval/train/label/christchurch_182.tif
trainval/train/image/christchurch_183.tif,trainval/train/label/christchurch_183.tif
trainval/train/image/christchurch_184.tif,trainval/train/label/christchurch_184.tif
trainval/train/image/christchurch_185.tif,trainval/train/label/christchurch_185.tif
trainval/train/image/christchurch_186.tif,trainval/train/label/christchurch_186.tif
trainval/train/image/christchurch_187.tif,trainval/train/label/christchurch_187.tif
trainval/train/image/christchurch_188.tif,trainval/train/label/christchurch_188.tif
trainval/train/image/christchurch_189.tif,trainval/train/label/christchurch_189.tif
trainval/train/image/christchurch_190.tif,trainval/train/label/christchurch_190.tif
trainval/train/image/christchurch_191.tif,trainval/train/label/christchurch_191.tif
trainval/train/image/christchurch_192.tif,trainval/train/label/christchurch_192.tif
trainval/train/image/christchurch_193.tif,trainval/train/label/christchurch_193.tif
trainval/train/image/christchurch_194.tif,trainval/train/label/christchurch_194.tif
trainval/train/image/christchurch_195.tif,trainval/train/label/christchurch_195.tif
trainval/train/image/christchurch_196.tif,trainval/train/label/christchurch_196.tif
trainval/train/image/christchurch_201.tif,trainval/train/label/christchurch_201.tif
trainval/train/image/christchurch_202.tif,trainval/train/label/christchurch_202.tif
trainval/train/image/christchurch_203.tif,trainval/train/label/christchurch_203.tif
trainval/train/image/christchurch_204.tif,trainval/train/label/christchurch_204.tif
trainval/train/image/christchurch_205.tif,trainval/train/label/christchurch_205.tif
trainval/train/image/christchurch_206.tif,trainval/train/label/christchurch_206.tif
trainval/train/image/christchurch_208.tif,trainval/train/label/christchurch_208.tif
trainval/train/image/christchurch_209.tif,trainval/train/label/christchurch_209.tif
trainval/train/image/christchurch_210.tif,trainval/train/label/christchurch_210.tif
trainval/train/image/christchurch_211.tif,trainval/train/label/christchurch_211.tif
trainval/train/image/christchurch_212.tif,trainval/train/label/christchurch_212.tif
trainval/train/image/christchurch_213.tif,trainval/train/label/christchurch_213.tif
trainval/train/image/christchurch_215.tif,trainval/train/label/christchurch_215.tif
trainval/train/image/christchurch_216.tif,trainval/train/label/christchurch_216.tif
trainval/train/image/christchurch_217.tif,trainval/train/label/christchurch_217.tif
trainval/train/image/christchurch_218.tif,trainval/train/label/christchurch_218.tif
trainval/train/image/christchurch_219.tif,trainval/train/label/christchurch_219.tif
trainval/train/image/christchurch_224.tif,trainval/train/label/christchurch_224.tif
trainval/train/image/christchurch_225.tif,trainval/train/label/christchurch_225.tif
trainval/train/image/christchurch_226.tif,trainval/train/label/christchurch_226.tif
trainval/train/image/christchurch_229.tif,trainval/train/label/christchurch_229.tif
trainval/train/image/christchurch_230.tif,trainval/train/label/christchurch_230.tif
trainval/train/image/christchurch_231.tif,trainval/train/label/christchurch_231.tif
trainval/train/image/christchurch_232.tif,trainval/train/label/christchurch_232.tif
trainval/train/image/christchurch_235.tif,trainval/train/label/christchurch_235.tif
trainval/train/image/christchurch_237.tif,trainval/train/label/christchurch_237.tif
trainval/train/image/christchurch_238.tif,trainval/train/label/christchurch_238.tif
trainval/train/image/christchurch_239.tif,trainval/train/label/christchurch_239.tif
trainval/train/image/christchurch_241.tif,trainval/train/label/christchurch_241.tif
trainval/train/image/christchurch_242.tif,trainval/train/label/christchurch_242.tif
trainval/train/image/christchurch_246.tif,trainval/train/label/christchurch_246.tif
trainval/train/image/christchurch_248.tif,trainval/train/label/christchurch_248.tif
trainval/train/image/christchurch_249.tif,trainval/train/label/christchurch_249.tif
trainval/train/image/christchurch_252.tif,trainval/train/label/christchurch_252.tif
trainval/train/image/christchurch_253.tif,trainval/train/label/christchurch_253.tif
trainval/train/image/christchurch_254.tif,trainval/train/label/christchurch_254.tif
trainval/train/image/christchurch_255.tif,trainval/train/label/christchurch_255.tif
trainval/train/image/christchurch_256.tif,trainval/train/label/christchurch_256.tif
trainval/train/image/christchurch_258.tif,trainval/train/label/christchurch_258.tif
trainval/train/image/christchurch_259.tif,trainval/train/label/christchurch_259.tif
trainval/train/image/christchurch_260.tif,trainval/train/label/christchurch_260.tif
trainval/train/image/christchurch_261.tif,trainval/train/label/christchurch_261.tif
trainval/train/image/christchurch_262.tif,trainval/train/label/christchurch_262.tif
trainval/train/image/christchurch_263.tif,trainval/train/label/christchurch_263.tif
trainval/train/image/christchurch_264.tif,trainval/train/label/christchurch_264.tif
trainval/train/image/christchurch_265.tif,trainval/train/label/christchurch_265.tif
trainval/train/image/christchurch_270.tif,trainval/train/label/christchurch_270.tif
trainval/train/image/christchurch_271.tif,trainval/train/label/christchurch_271.tif
trainval/train/image/christchurch_272.tif,trainval/train/label/christchurch_272.tif
trainval/train/image/christchurch_273.tif,trainval/train/label/christchurch_273.tif
trainval/train/image/christchurch_274.tif,trainval/train/label/christchurch_274.tif
trainval/train/image/christchurch_275.tif,trainval/train/label/christchurch_275.tif
trainval/train/image/christchurch_276.tif,trainval/train/label/christchurch_276.tif
trainval/train/image/christchurch_277.tif,trainval/train/label/christchurch_277.tif
trainval/train/image/christchurch_278.tif,trainval/train/label/christchurch_278.tif
trainval/train/image/christchurch_280.tif,trainval/train/label/christchurch_280.tif
trainval/train/image/christchurch_281.tif,trainval/train/label/christchurch_281.tif
trainval/train/image/christchurch_282.tif,trainval/train/label/christchurch_282.tif
trainval/train/image/christchurch_283.tif,trainval/train/label/christchurch_283.tif
trainval/train/image/christchurch_284.tif,trainval/train/label/christchurch_284.tif
trainval/train/image/christchurch_286.tif,trainval/train/label/christchurch_286.tif
trainval/train/image/christchurch_287.tif,trainval/train/label/christchurch_287.tif
trainval/train/image/christchurch_288.tif,trainval/train/label/christchurch_288.tif
trainval/train/image/christchurch_293.tif,trainval/train/label/christchurch_293.tif
trainval/train/image/christchurch_294.tif,trainval/train/label/christchurch_294.tif
trainval/train/image/christchurch_295.tif,trainval/train/label/christchurch_295.tif
trainval/train/image/christchurch_296.tif,trainval/train/label/christchurch_296.tif
trainval/train/image/christchurch_297.tif,trainval/train/label/christchurch_297.tif
trainval/train/image/christchurch_298.tif,trainval/train/label/christchurch_298.tif
trainval/train/image/christchurch_300.tif,trainval/train/label/christchurch_300.tif
trainval/train/image/christchurch_301.tif,trainval/train/label/christchurch_301.tif
trainval/train/image/christchurch_302.tif,trainval/train/label/christchurch_302.tif
trainval/train/image/christchurch_303.tif,trainval/train/label/christchurch_303.tif
trainval/train/image/christchurch_304.tif,trainval/train/label/christchurch_304.tif
trainval/train/image/christchurch_305.tif,trainval/train/label/christchurch_305.tif
trainval/train/image/christchurch_306.tif,trainval/train/label/christchurch_306.tif
trainval/train/image/christchurch_307.tif,trainval/train/label/christchurch_307.tif
trainval/train/image/christchurch_308.tif,trainval/train/label/christchurch_308.tif
trainval/train/image/christchurch_309.tif,trainval/train/label/christchurch_309.tif
trainval/train/image/christchurch_311.tif,trainval/train/label/christchurch_311.tif
trainval/train/image/christchurch_312.tif,trainval/train/label/christchurch_312.tif
trainval/train/image/christchurch_313.tif,trainval/train/label/christchurch_313.tif
trainval/train/image/christchurch_315.tif,trainval/train/label/christchurch_315.tif
trainval/train/image/christchurch_316.tif,trainval/train/label/christchurch_316.tif
trainval/train/image/christchurch_317.tif,trainval/train/label/christchurch_317.tif
trainval/train/image/christchurch_318.tif,trainval/train/label/christchurch_318.tif
trainval/train/image/christchurch_320.tif,trainval/train/label/christchurch_320.tif
trainval/train/image/christchurch_321.tif,trainval/train/label/christchurch_321.tif
trainval/train/image/christchurch_322.tif,trainval/train/label/christchurch_322.tif
trainval/train/image/christchurch_323.tif,trainval/train/label/christchurch_323.tif
trainval/train/image/christchurch_324.tif,trainval/train/label/christchurch_324.tif
trainval/train/image/christchurch_325.tif,trainval/train/label/christchurch_325.tif
trainval/train/image/christchurch_329.tif,trainval/train/label/christchurch_329.tif
trainval/train/image/christchurch_330.tif,trainval/train/label/christchurch_330.tif
trainval/train/image/christchurch_331.tif,trainval/train/label/christchurch_331.tif
trainval/train/image/christchurch_332.tif,trainval/train/label/christchurch_332.tif
trainval/train/image/christchurch_333.tif,trainval/train/label/christchurch_333.tif
trainval/train/image/christchurch_334.tif,trainval/train/label/christchurch_334.tif
trainval/train/image/christchurch_335.tif,trainval/train/label/christchurch_335.tif
trainval/train/image/christchurch_336.tif,trainval/train/label/christchurch_336.tif
trainval/train/image/christchurch_337.tif,trainval/train/label/christchurch_337.tif
trainval/train/image/christchurch_338.tif,trainval/train/label/christchurch_338.tif
trainval/train/image/christchurch_339.tif,trainval/train/label/christchurch_339.tif
trainval/train/image/christchurch_340.tif,trainval/train/label/christchurch_340.tif
trainval/train/image/christchurch_341.tif,trainval/train/label/christchurch_341.tif
trainval/train/image/christchurch_342.tif,trainval/train/label/christchurch_342.tif
trainval/train/image/christchurch_343.tif,trainval/train/label/christchurch_343.tif
trainval/train/image/christchurch_348.tif,trainval/train/label/christchurch_348.tif
trainval/train/image/christchurch_351.tif,trainval/train/label/christchurch_351.tif
trainval/train/image/christchurch_352.tif,trainval/train/label/christchurch_352.tif
trainval/train/image/christchurch_353.tif,trainval/train/label/christchurch_353.tif
trainval/train/image/christchurch_354.tif,trainval/train/label/christchurch_354.tif
trainval/train/image/christchurch_355.tif,trainval/train/label/christchurch_355.tif
trainval/train/image/christchurch_356.tif,trainval/train/label/christchurch_356.tif
trainval/train/image/christchurch_357.tif,trainval/train/label/christchurch_357.tif
trainval/train/image/christchurch_360.tif,trainval/train/label/christchurch_360.tif
trainval/train/image/christchurch_361.tif,trainval/train/label/christchurch_361.tif
trainval/train/image/christchurch_362.tif,trainval/train/label/christchurch_362.tif
trainval/train/image/christchurch_364.tif,trainval/train/label/christchurch_364.tif
trainval/train/image/christchurch_365.tif,trainval/train/label/christchurch_365.tif
trainval/train/image/christchurch_366.tif,trainval/train/label/christchurch_366.tif
trainval/train/image/christchurch_368.tif,trainval/train/label/christchurch_368.tif
trainval/train/image/christchurch_369.tif,trainval/train/label/christchurch_369.tif
trainval/train/image/christchurch_372.tif,trainval/train/label/christchurch_372.tif
trainval/train/image/christchurch_376.tif,trainval/train/label/christchurch_376.tif
trainval/train/image/christchurch_377.tif,trainval/train/label/christchurch_377.tif
trainval/train/image/christchurch_379.tif,trainval/train/label/christchurch_379.tif
trainval/train/image/christchurch_380.tif,trainval/train/label/christchurch_380.tif
trainval/train/image/christchurch_381.tif,trainval/train/label/christchurch_381.tif
trainval/train/image/christchurch_383.tif,trainval/train/label/christchurch_383.tif
trainval/train/image/christchurch_384.tif,trainval/train/label/christchurch_384.tif
trainval/train/image/christchurch_385.tif,trainval/train/label/christchurch_385.tif
trainval/train/image/christchurch_386.tif,trainval/train/label/christchurch_386.tif
trainval/train/image/christchurch_388.tif,trainval/train/label/christchurch_388.tif
trainval/train/image/christchurch_389.tif,trainval/train/label/christchurch_389.tif
trainval/train/image/christchurch_390.tif,trainval/train/label/christchurch_390.tif
trainval/train/image/christchurch_391.tif,trainval/train/label/christchurch_391.tif
trainval/train/image/christchurch_393.tif,trainval/train/label/christchurch_393.tif
trainval/train/image/christchurch_394.tif,trainval/train/label/christchurch_394.tif
trainval/train/image/christchurch_395.tif,trainval/train/label/christchurch_395.tif
trainval/train/image/christchurch_396.tif,trainval/train/label/christchurch_396.tif
trainval/train/image/christchurch_398.tif,trainval/train/label/christchurch_398.tif
trainval/train/image/christchurch_399.tif,trainval/train/label/christchurch_399.tif
trainval/train/image/christchurch_400.tif,trainval/train/label/christchurch_400.tif
trainval/train/image/christchurch_401.tif,trainval/train/label/christchurch_401.tif
trainval/train/image/christchurch_402.tif,trainval/train/label/christchurch_402.tif
trainval/train/image/christchurch_404.tif,trainval/train/label/christchurch_404.tif
trainval/train/image/christchurch_409.tif,trainval/train/label/christchurch_409.tif
trainval/train/image/christchurch_411.tif,trainval/train/label/christchurch_411.tif
trainval/train/image/christchurch_412.tif,trainval/train/label/christchurch_412.tif
trainval/train/image/christchurch_413.tif,trainval/train/label/christchurch_413.tif
trainval/train/image/christchurch_414.tif,trainval/train/label/christchurch_414.tif
trainval/train/image/christchurch_415.tif,trainval/train/label/christchurch_415.tif
trainval/train/image/christchurch_416.tif,trainval/train/label/christchurch_416.tif
trainval/train/image/christchurch_417.tif,trainval/train/label/christchurch_417.tif
trainval/train/image/christchurch_418.tif,trainval/train/label/christchurch_418.tif
trainval/train/image/christchurch_419.tif,trainval/train/label/christchurch_419.tif
trainval/train/image/christchurch_421.tif,trainval/train/label/christchurch_421.tif
trainval/train/image/christchurch_423.tif,trainval/train/label/christchurch_423.tif
trainval/train/image/christchurch_425.tif,trainval/train/label/christchurch_425.tif
trainval/train/image/christchurch_427.tif,trainval/train/label/christchurch_427.tif
trainval/train/image/christchurch_428.tif,trainval/train/label/christchurch_428.tif
trainval/train/image/christchurch_429.tif,trainval/train/label/christchurch_429.tif
trainval/train/image/christchurch_430.tif,trainval/train/label/christchurch_430.tif
trainval/train/image/christchurch_431.tif,trainval/train/label/christchurch_431.tif
trainval/train/image/christchurch_433.tif,trainval/train/label/christchurch_433.tif
trainval/train/image/christchurch_434.tif,trainval/train/label/christchurch_434.tif
trainval/train/image/christchurch_435.tif,trainval/train/label/christchurch_435.tif
trainval/train/image/christchurch_439.tif,trainval/train/label/christchurch_439.tif
trainval/train/image/christchurch_440.tif,trainval/train/label/christchurch_440.tif
trainval/train/image/christchurch_441.tif,trainval/train/label/christchurch_441.tif
trainval/train/image/christchurch_443.tif,trainval/train/label/christchurch_443.tif
trainval/train/image/christchurch_444.tif,trainval/train/label/christchurch_444.tif
trainval/train/image/christchurch_445.tif,trainval/train/label/christchurch_445.tif
trainval/train/image/christchurch_446.tif,trainval/train/label/christchurch_446.tif
trainval/train/image/christchurch_447.tif,trainval/train/label/christchurch_447.tif
trainval/train/image/christchurch_448.tif,trainval/train/label/christchurch_448.tif
trainval/train/image/christchurch_449.tif,trainval/train/label/christchurch_449.tif
trainval/train/image/christchurch_450.tif,trainval/train/label/christchurch_450.tif
trainval/train/image/christchurch_452.tif,trainval/train/label/christchurch_452.tif
trainval/train/image/christchurch_453.tif,trainval/train/label/christchurch_453.tif
trainval/train/image/christchurch_454.tif,trainval/train/label/christchurch_454.tif
trainval/train/image/christchurch_456.tif,trainval/train/label/christchurch_456.tif
trainval/train/image/christchurch_457.tif,trainval/train/label/christchurch_457.tif
trainval/train/image/christchurch_458.tif,trainval/train/label/christchurch_458.tif
trainval/train/image/christchurch_459.tif,trainval/train/label/christchurch_459.tif
trainval/train/image/christchurch_461.tif,trainval/train/label/christchurch_461.tif
trainval/train/image/christchurch_463.tif,trainval/train/label/christchurch_463.tif
trainval/train/image/christchurch_464.tif,trainval/train/label/christchurch_464.tif
trainval/train/image/christchurch_465.tif,trainval/train/label/christchurch_465.tif
trainval/train/image/christchurch_468.tif,trainval/train/label/christchurch_468.tif
trainval/train/image/christchurch_469.tif,trainval/train/label/christchurch_469.tif
trainval/train/image/christchurch_470.tif,trainval/train/label/christchurch_470.tif
trainval/train/image/christchurch_471.tif,trainval/train/label/christchurch_471.tif
trainval/train/image/christchurch_472.tif,trainval/train/label/christchurch_472.tif
trainval/train/image/christchurch_473.tif,trainval/train/label/christchurch_473.tif
trainval/train/image/christchurch_474.tif,trainval/train/label/christchurch_474.tif
trainval/train/image/christchurch_475.tif,trainval/train/label/christchurch_475.tif
trainval/train/image/christchurch_476.tif,trainval/train/label/christchurch_476.tif
trainval/train/image/christchurch_477.tif,trainval/train/label/christchurch_477.tif
trainval/train/image/christchurch_478.tif,trainval/train/label/christchurch_478.tif
trainval/train/image/christchurch_479.tif,trainval/train/label/christchurch_479.tif
trainval/train/image/christchurch_480.tif,trainval/train/label/christchurch_480.tif
trainval/train/image/christchurch_481.tif,trainval/train/label/christchurch_481.tif
trainval/train/image/christchurch_482.tif,trainval/train/label/christchurch_482.tif
trainval/train/image/christchurch_483.tif,trainval/train/label/christchurch_483.tif
trainval/train/image/christchurch_484.tif,trainval/train/label/christchurch_484.tif
trainval/train/image/christchurch_485.tif,trainval/train/label/christchurch_485.tif
trainval/train/image/christchurch_486.tif,trainval/train/label/christchurch_486.tif
trainval/train/image/christchurch_488.tif,trainval/train/label/christchurch_488.tif
trainval/train/image/christchurch_490.tif,trainval/train/label/christchurch_490.tif
trainval/train/image/christchurch_491.tif,trainval/train/label/christchurch_491.tif
trainval/train/image/christchurch_493.tif,trainval/train/label/christchurch_493.tif
trainval/train/image/christchurch_494.tif,trainval/train/label/christchurch_494.tif
trainval/train/image/christchurch_495.tif,trainval/train/label/christchurch_495.tif
trainval/train/image/christchurch_499.tif,trainval/train/label/christchurch_499.tif
trainval/train/image/christchurch_500.tif,trainval/train/label/christchurch_500.tif
trainval/train/image/christchurch_501.tif,trainval/train/label/christchurch_501.tif
trainval/train/image/christchurch_502.tif,trainval/train/label/christchurch_502.tif
trainval/train/image/christchurch_503.tif,trainval/train/label/christchurch_503.tif
trainval/train/image/christchurch_504.tif,trainval/train/label/christchurch_504.tif
trainval/train/image/christchurch_505.tif,trainval/train/label/christchurch_505.tif
trainval/train/image/christchurch_506.tif,trainval/train/label/christchurch_506.tif
trainval/train/image/christchurch_507.tif,trainval/train/label/christchurch_507.tif
trainval/train/image/christchurch_508.tif,trainval/train/label/christchurch_508.tif
trainval/train/image/christchurch_509.tif,trainval/train/label/christchurch_509.tif
trainval/train/image/christchurch_510.tif,trainval/train/label/christchurch_510.tif
trainval/train/image/christchurch_511.tif,trainval/train/label/christchurch_511.tif
trainval/train/image/christchurch_512.tif,trainval/train/label/christchurch_512.tif
trainval/train/image/christchurch_514.tif,trainval/train/label/christchurch_514.tif
trainval/train/image/christchurch_515.tif,trainval/train/label/christchurch_515.tif
trainval/train/image/christchurch_516.tif,trainval/train/label/christchurch_516.tif
trainval/train/image/christchurch_517.tif,trainval/train/label/christchurch_517.tif
trainval/train/image/christchurch_518.tif,trainval/train/label/christchurch_518.tif
trainval/train/image/christchurch_519.tif,trainval/train/label/christchurch_519.tif
trainval/train/image/christchurch_520.tif,trainval/train/label/christchurch_520.tif
trainval/train/image/christchurch_522.tif,trainval/train/label/christchurch_522.tif
trainval/train/image/christchurch_523.tif,trainval/train/label/christchurch_523.tif
trainval/train/image/christchurch_524.tif,trainval/train/label/christchurch_524.tif
trainval/train/image/christchurch_525.tif,trainval/train/label/christchurch_525.tif
trainval/train/image/christchurch_526.tif,trainval/train/label/christchurch_526.tif
trainval/train/image/christchurch_527.tif,trainval/train/label/christchurch_527.tif
trainval/train/image/christchurch_531.tif,trainval/train/label/christchurch_531.tif
trainval/train/image/christchurch_532.tif,trainval/train/label/christchurch_532.tif
trainval/train/image/christchurch_534.tif,trainval/train/label/christchurch_534.tif
trainval/train/image/christchurch_535.tif,trainval/train/label/christchurch_535.tif
trainval/train/image/christchurch_536.tif,trainval/train/label/christchurch_536.tif
trainval/train/image/christchurch_537.tif,trainval/train/label/christchurch_537.tif
trainval/train/image/christchurch_538.tif,trainval/train/label/christchurch_538.tif
trainval/train/image/christchurch_539.tif,trainval/train/label/christchurch_539.tif
trainval/train/image/christchurch_540.tif,trainval/train/label/christchurch_540.tif
trainval/train/image/christchurch_541.tif,trainval/train/label/christchurch_541.tif
trainval/train/image/christchurch_542.tif,trainval/train/label/christchurch_542.tif
trainval/train/image/christchurch_543.tif,trainval/train/label/christchurch_543.tif
trainval/train/image/christchurch_544.tif,trainval/train/label/christchurch_544.tif
trainval/train/image/christchurch_545.tif,trainval/train/label/christchurch_545.tif
trainval/train/image/christchurch_547.tif,trainval/train/label/christchurch_547.tif
trainval/train/image/christchurch_548.tif,trainval/train/label/christchurch_548.tif
trainval/train/image/christchurch_549.tif,trainval/train/label/christchurch_549.tif
trainval/train/image/christchurch_550.tif,trainval/train/label/christchurch_550.tif
trainval/train/image/christchurch_551.tif,trainval/train/label/christchurch_551.tif
trainval/train/image/christchurch_552.tif,trainval/train/label/christchurch_552.tif
trainval/train/image/christchurch_553.tif,trainval/train/label/christchurch_553.tif
trainval/train/image/christchurch_555.tif,trainval/train/label/christchurch_555.tif
trainval/train/image/christchurch_556.tif,trainval/train/label/christchurch_556.tif
trainval/train/image/christchurch_557.tif,trainval/train/label/christchurch_557.tif
trainval/train/image/christchurch_558.tif,trainval/train/label/christchurch_558.tif
trainval/train/image/christchurch_559.tif,trainval/train/label/christchurch_559.tif
trainval/train/image/christchurch_563.tif,trainval/train/label/christchurch_563.tif
trainval/train/image/christchurch_564.tif,trainval/train/label/christchurch_564.tif
trainval/train/image/christchurch_565.tif,trainval/train/label/christchurch_565.tif
trainval/train/image/christchurch_566.tif,trainval/train/label/christchurch_566.tif
trainval/train/image/christchurch_567.tif,trainval/train/label/christchurch_567.tif
trainval/train/image/christchurch_568.tif,trainval/train/label/christchurch_568.tif
trainval/train/image/christchurch_569.tif,trainval/train/label/christchurch_569.tif
trainval/train/image/christchurch_570.tif,trainval/train/label/christchurch_570.tif
trainval/train/image/christchurch_573.tif,trainval/train/label/christchurch_573.tif
trainval/train/image/christchurch_576.tif,trainval/train/label/christchurch_576.tif
trainval/train/image/christchurch_577.tif,trainval/train/label/christchurch_577.tif
trainval/train/image/christchurch_578.tif,trainval/train/label/christchurch_578.tif
trainval/train/image/christchurch_579.tif,trainval/train/label/christchurch_579.tif
trainval/train/image/christchurch_580.tif,trainval/train/label/christchurch_580.tif
trainval/train/image/christchurch_581.tif,trainval/train/label/christchurch_581.tif
trainval/train/image/christchurch_582.tif,trainval/train/label/christchurch_582.tif
trainval/train/image/christchurch_583.tif,trainval/train/label/christchurch_583.tif
trainval/train/image/christchurch_587.tif,trainval/train/label/christchurch_587.tif
trainval/train/image/christchurch_588.tif,trainval/train/label/christchurch_588.tif
trainval/train/image/christchurch_589.tif,trainval/train/label/christchurch_589.tif
trainval/train/image/christchurch_590.tif,trainval/train/label/christchurch_590.tif
trainval/train/image/christchurch_594.tif,trainval/train/label/christchurch_594.tif
trainval/train/image/christchurch_596.tif,trainval/train/label/christchurch_596.tif
trainval/train/image/christchurch_599.tif,trainval/train/label/christchurch_599.tif
trainval/train/image/christchurch_600.tif,trainval/train/label/christchurch_600.tif
trainval/train/image/christchurch_601.tif,trainval/train/label/christchurch_601.tif
trainval/train/image/christchurch_602.tif,trainval/train/label/christchurch_602.tif
trainval/train/image/christchurch_603.tif,trainval/train/label/christchurch_603.tif
trainval/train/image/christchurch_604.tif,trainval/train/label/christchurch_604.tif
trainval/train/image/christchurch_606.tif,trainval/train/label/christchurch_606.tif
trainval/train/image/christchurch_607.tif,trainval/train/label/christchurch_607.tif
trainval/train/image/christchurch_608.tif,trainval/train/label/christchurch_608.tif
trainval/train/image/christchurch_609.tif,trainval/train/label/christchurch_609.tif
trainval/train/image/christchurch_610.tif,trainval/train/label/christchurch_610.tif
trainval/train/image/christchurch_611.tif,trainval/train/label/christchurch_611.tif
trainval/train/image/christchurch_612.tif,trainval/train/label/christchurch_612.tif
trainval/train/image/christchurch_613.tif,trainval/train/label/christchurch_613.tif
trainval/train/image/christchurch_615.tif,trainval/train/label/christchurch_615.tif
trainval/train/image/christchurch_616.tif,trainval/train/label/christchurch_616.tif
trainval/train/image/christchurch_617.tif,trainval/train/label/christchurch_617.tif
trainval/train/image/christchurch_618.tif,trainval/train/label/christchurch_618.tif
trainval/train/image/christchurch_619.tif,trainval/train/label/christchurch_619.tif
trainval/train/image/christchurch_620.tif,trainval/train/label/christchurch_620.tif
trainval/train/image/christchurch_621.tif,trainval/train/label/christchurch_621.tif
trainval/train/image/christchurch_622.tif,trainval/train/label/christchurch_622.tif
trainval/train/image/christchurch_623.tif,trainval/train/label/christchurch_623.tif
trainval/train/image/christchurch_627.tif,trainval/train/label/christchurch_627.tif
trainval/train/image/christchurch_629.tif,trainval/train/label/christchurch_629.tif
trainval/train/image/christchurch_630.tif,trainval/train/label/christchurch_630.tif
trainval/train/image/christchurch_631.tif,trainval/train/label/christchurch_631.tif
trainval/train/image/christchurch_632.tif,trainval/train/label/christchurch_632.tif
trainval/train/image/christchurch_633.tif,trainval/train/label/christchurch_633.tif
trainval/train/image/christchurch_634.tif,trainval/train/label/christchurch_634.tif
trainval/train/image/christchurch_635.tif,trainval/train/label/christchurch_635.tif
trainval/train/image/christchurch_637.tif,trainval/train/label/christchurch_637.tif
trainval/train/image/christchurch_638.tif,trainval/train/label/christchurch_638.tif
trainval/train/image/christchurch_640.tif,trainval/train/label/christchurch_640.tif
trainval/train/image/christchurch_641.tif,trainval/train/label/christchurch_641.tif
trainval/train/image/christchurch_642.tif,trainval/train/label/christchurch_642.tif
trainval/train/image/christchurch_643.tif,trainval/train/label/christchurch_643.tif
trainval/train/image/christchurch_645.tif,trainval/train/label/christchurch_645.tif
trainval/train/image/christchurch_646.tif,trainval/train/label/christchurch_646.tif
trainval/train/image/christchurch_647.tif,trainval/train/label/christchurch_647.tif
trainval/train/image/christchurch_648.tif,trainval/train/label/christchurch_648.tif
trainval/train/image/christchurch_649.tif,trainval/train/label/christchurch_649.tif
trainval/train/image/christchurch_650.tif,trainval/train/label/christchurch_650.tif
trainval/train/image/christchurch_651.tif,trainval/train/label/christchurch_651.tif
trainval/train/image/christchurch_652.tif,trainval/train/label/christchurch_652.tif
trainval/train/image/christchurch_653.tif,trainval/train/label/christchurch_653.tif
trainval/train/image/christchurch_654.tif,trainval/train/label/christchurch_654.tif
trainval/train/image/christchurch_655.tif,trainval/train/label/christchurch_655.tif
trainval/train/image/christchurch_658.tif,trainval/train/label/christchurch_658.tif
trainval/train/image/christchurch_659.tif,trainval/train/label/christchurch_659.tif
trainval/train/image/christchurch_660.tif,trainval/train/label/christchurch_660.tif
trainval/train/image/christchurch_663.tif,trainval/train/label/christchurch_663.tif
trainval/train/image/christchurch_665.tif,trainval/train/label/christchurch_665.tif
trainval/train/image/christchurch_668.tif,trainval/train/label/christchurch_668.tif
trainval/train/image/christchurch_670.tif,trainval/train/label/christchurch_670.tif
trainval/train/image/christchurch_671.tif,trainval/train/label/christchurch_671.tif
trainval/train/image/christchurch_672.tif,trainval/train/label/christchurch_672.tif
trainval/train/image/christchurch_673.tif,trainval/train/label/christchurch_673.tif
trainval/train/image/christchurch_674.tif,trainval/train/label/christchurch_674.tif
trainval/train/image/christchurch_675.tif,trainval/train/label/christchurch_675.tif
trainval/train/image/christchurch_677.tif,trainval/train/label/christchurch_677.tif
trainval/train/image/christchurch_678.tif,trainval/train/label/christchurch_678.tif
trainval/train/image/christchurch_679.tif,trainval/train/label/christchurch_679.tif
trainval/train/image/christchurch_680.tif,trainval/train/label/christchurch_680.tif
trainval/train/image/christchurch_681.tif,trainval/train/label/christchurch_681.tif
trainval/train/image/christchurch_682.tif,trainval/train/label/christchurch_682.tif
trainval/train/image/christchurch_683.tif,trainval/train/label/christchurch_683.tif
trainval/train/image/christchurch_684.tif,trainval/train/label/christchurch_684.tif
trainval/train/image/christchurch_685.tif,trainval/train/label/christchurch_685.tif
trainval/train/image/christchurch_686.tif,trainval/train/label/christchurch_686.tif
trainval/train/image/christchurch_689.tif,trainval/train/label/christchurch_689.tif
trainval/train/image/christchurch_691.tif,trainval/train/label/christchurch_691.tif
trainval/train/image/christchurch_694.tif,trainval/train/label/christchurch_694.tif
trainval/train/image/christchurch_695.tif,trainval/train/label/christchurch_695.tif
trainval/train/image/christchurch_697.tif,trainval/train/label/christchurch_697.tif
trainval/train/image/christchurch_699.tif,trainval/train/label/christchurch_699.tif
trainval/train/image/christchurch_701.tif,trainval/train/label/christchurch_701.tif
trainval/train/image/christchurch_702.tif,trainval/train/label/christchurch_702.tif
trainval/train/image/christchurch_703.tif,trainval/train/label/christchurch_703.tif
trainval/train/image/christchurch_705.tif,trainval/train/label/christchurch_705.tif
trainval/train/image/christchurch_706.tif,trainval/train/label/christchurch_706.tif
trainval/train/image/christchurch_707.tif,trainval/train/label/christchurch_707.tif
trainval/train/image/christchurch_708.tif,trainval/train/label/christchurch_708.tif
trainval/train/image/christchurch_709.tif,trainval/train/label/christchurch_709.tif
trainval/train/image/christchurch_710.tif,trainval/train/label/christchurch_710.tif
trainval/train/image/christchurch_712.tif,trainval/train/label/christchurch_712.tif
trainval/train/image/christchurch_713.tif,trainval/train/label/christchurch_713.tif
trainval/train/image/christchurch_714.tif,trainval/train/label/christchurch_714.tif
trainval/train/image/christchurch_715.tif,trainval/train/label/christchurch_715.tif
trainval/train/image/christchurch_716.tif,trainval/train/label/christchurch_716.tif
trainval/train/image/christchurch_717.tif,trainval/train/label/christchurch_717.tif
trainval/train/image/christchurch_718.tif,trainval/train/label/christchurch_718.tif
trainval/train/image/christchurch_719.tif,trainval/train/label/christchurch_719.tif
trainval/train/image/christchurch_720.tif,trainval/train/label/christchurch_720.tif
trainval/train/image/christchurch_721.tif,trainval/train/label/christchurch_721.tif
trainval/train/image/christchurch_722.tif,trainval/train/label/christchurch_722.tif
trainval/train/image/christchurch_723.tif,trainval/train/label/christchurch_723.tif
trainval/train/image/christchurch_724.tif,trainval/train/label/christchurch_724.tif
trainval/train/image/christchurch_725.tif,trainval/train/label/christchurch_725.tif
trainval/train/image/christchurch_726.tif,trainval/train/label/christchurch_726.tif
trainval/train/image/christchurch_733.tif,trainval/train/label/christchurch_733.tif
trainval/train/image/christchurch_734.tif,trainval/train/label/christchurch_734.tif
trainval/train/image/christchurch_738.tif,trainval/train/label/christchurch_738.tif
trainval/train/image/christchurch_740.tif,trainval/train/label/christchurch_740.tif
trainval/train/image/christchurch_741.tif,trainval/train/label/christchurch_741.tif
trainval/train/image/christchurch_742.tif,trainval/train/label/christchurch_742.tif
trainval/train/image/christchurch_744.tif,trainval/train/label/christchurch_744.tif
trainval/train/image/christchurch_745.tif,trainval/train/label/christchurch_745.tif
trainval/train/image/christchurch_746.tif,trainval/train/label/christchurch_746.tif
trainval/train/image/christchurch_747.tif,trainval/train/label/christchurch_747.tif
trainval/train/image/christchurch_748.tif,trainval/train/label/christchurch_748.tif
trainval/train/image/christchurch_749.tif,trainval/train/label/christchurch_749.tif
trainval/train/image/christchurch_750.tif,trainval/train/label/christchurch_750.tif
trainval/train/image/christchurch_752.tif,trainval/train/label/christchurch_752.tif
trainval/train/image/christchurch_753.tif,trainval/train/label/christchurch_753.tif
trainval/train/image/christchurch_754.tif,trainval/train/label/christchurch_754.tif
trainval/train/image/christchurch_755.tif,trainval/train/label/christchurch_755.tif
trainval/train/image/christchurch_756.tif,trainval/train/label/christchurch_756.tif
trainval/train/image/christchurch_757.tif,trainval/train/label/christchurch_757.tif
trainval/train/image/christchurch_758.tif,trainval/train/label/christchurch_758.tif
trainval/train/image/christchurch_759.tif,trainval/train/label/christchurch_759.tif
trainval/train/image/christchurch_760.tif,trainval/train/label/christchurch_760.tif
trainval/train/image/christchurch_770.tif,trainval/train/label/christchurch_770.tif
trainval/train/image/christchurch_771.tif,trainval/train/label/christchurch_771.tif
trainval/train/image/christchurch_775.tif,trainval/train/label/christchurch_775.tif
trainval/train/image/christchurch_777.tif,trainval/train/label/christchurch_777.tif
trainval/train/image/christchurch_778.tif,trainval/train/label/christchurch_778.tif
trainval/train/image/christchurch_779.tif,trainval/train/label/christchurch_779.tif
trainval/train/image/christchurch_781.tif,trainval/train/label/christchurch_781.tif
trainval/train/image/christchurch_782.tif,trainval/train/label/christchurch_782.tif
trainval/train/image/christchurch_783.tif,trainval/train/label/christchurch_783.tif
trainval/train/image/christchurch_784.tif,trainval/train/label/christchurch_784.tif
trainval/train/image/christchurch_785.tif,trainval/train/label/christchurch_785.tif
trainval/train/image/christchurch_786.tif,trainval/train/label/christchurch_786.tif
trainval/train/image/christchurch_787.tif,trainval/train/label/christchurch_787.tif
trainval/train/image/christchurch_789.tif,trainval/train/label/christchurch_789.tif
trainval/train/image/christchurch_790.tif,trainval/train/label/christchurch_790.tif
trainval/train/image/christchurch_791.tif,trainval/train/label/christchurch_791.tif
trainval/train/image/christchurch_792.tif,trainval/train/label/christchurch_792.tif
trainval/train/image/christchurch_793.tif,trainval/train/label/christchurch_793.tif
trainval/train/image/christchurch_794.tif,trainval/train/label/christchurch_794.tif
trainval/train/image/christchurch_795.tif,trainval/train/label/christchurch_795.tif
trainval/train/image/christchurch_798.tif,trainval/train/label/christchurch_798.tif
trainval/train/image/christchurch_800.tif,trainval/train/label/christchurch_800.tif
trainval/train/image/christchurch_804.tif,trainval/train/label/christchurch_804.tif
trainval/train/image/christchurch_805.tif,trainval/train/label/christchurch_805.tif
trainval/train/image/christchurch_808.tif,trainval/train/label/christchurch_808.tif
trainval/train/image/christchurch_809.tif,trainval/train/label/christchurch_809.tif
trainval/train/image/christchurch_813.tif,trainval/train/label/christchurch_813.tif
trainval/train/image/christchurch_814.tif,trainval/train/label/christchurch_814.tif
trainval/train/image/christchurch_815.tif,trainval/train/label/christchurch_815.tif
trainval/train/image/christchurch_816.tif,trainval/train/label/christchurch_816.tif
trainval/train/image/christchurch_817.tif,trainval/train/label/christchurch_817.tif
trainval/train/image/christchurch_819.tif,trainval/train/label/christchurch_819.tif
trainval/train/image/christchurch_820.tif,trainval/train/label/christchurch_820.tif
trainval/train/image/christchurch_822.tif,trainval/train/label/christchurch_822.tif
trainval/train/image/christchurch_823.tif,trainval/train/label/christchurch_823.tif
trainval/train/image/christchurch_824.tif,trainval/train/label/christchurch_824.tif
trainval/train/image/christchurch_825.tif,trainval/train/label/christchurch_825.tif
trainval/train/image/christchurch_826.tif,trainval/train/label/christchurch_826.tif
trainval/train/image/christchurch_827.tif,trainval/train/label/christchurch_827.tif
trainval/train/image/christchurch_828.tif,trainval/train/label/christchurch_828.tif
trainval/train/image/christchurch_829.tif,trainval/train/label/christchurch_829.tif
trainval/train/image/christchurch_830.tif,trainval/train/label/christchurch_830.tif
trainval/train/image/christchurch_831.tif,trainval/train/label/christchurch_831.tif
trainval/train/image/christchurch_832.tif,trainval/train/label/christchurch_832.tif
trainval/train/image/christchurch_834.tif,trainval/train/label/christchurch_834.tif
trainval/train/image/christchurch_835.tif,trainval/train/label/christchurch_835.tif
trainval/train/image/christchurch_836.tif,trainval/train/label/christchurch_836.tif
trainval/train/image/christchurch_838.tif,trainval/train/label/christchurch_838.tif
trainval/train/image/christchurch_841.tif,trainval/train/label/christchurch_841.tif
trainval/train/image/christchurch_843.tif,trainval/train/label/christchurch_843.tif
trainval/train/image/christchurch_846.tif,trainval/train/label/christchurch_846.tif
trainval/train/image/christchurch_847.tif,trainval/train/label/christchurch_847.tif
trainval/train/image/christchurch_849.tif,trainval/train/label/christchurch_849.tif
trainval/train/image/christchurch_850.tif,trainval/train/label/christchurch_850.tif
trainval/train/image/christchurch_851.tif,trainval/train/label/christchurch_851.tif
trainval/train/image/christchurch_852.tif,trainval/train/label/christchurch_852.tif
trainval/train/image/christchurch_858.tif,trainval/train/label/christchurch_858.tif
trainval/train/image/christchurch_859.tif,trainval/train/label/christchurch_859.tif
trainval/train/image/christchurch_860.tif,trainval/train/label/christchurch_860.tif
trainval/train/image/christchurch_862.tif,trainval/train/label/christchurch_862.tif
trainval/train/image/christchurch_863.tif,trainval/train/label/christchurch_863.tif
trainval/train/image/christchurch_865.tif,trainval/train/label/christchurch_865.tif
trainval/train/image/christchurch_867.tif,trainval/train/label/christchurch_867.tif
trainval/train/image/christchurch_868.tif,trainval/train/label/christchurch_868.tif
trainval/train/image/christchurch_872.tif,trainval/train/label/christchurch_872.tif
trainval/train/image/christchurch_873.tif,trainval/train/label/christchurch_873.tif
trainval/train/image/christchurch_874.tif,trainval/train/label/christchurch_874.tif
trainval/train/image/christchurch_875.tif,trainval/train/label/christchurch_875.tif
trainval/train/image/christchurch_876.tif,trainval/train/label/christchurch_876.tif
trainval/train/image/christchurch_879.tif,trainval/train/label/christchurch_879.tif
trainval/train/image/christchurch_881.tif,trainval/train/label/christchurch_881.tif
trainval/train/image/christchurch_884.tif,trainval/train/label/christchurch_884.tif
trainval/train/image/christchurch_885.tif,trainval/train/label/christchurch_885.tif
trainval/train/image/christchurch_889.tif,trainval/train/label/christchurch_889.tif
trainval/train/image/christchurch_890.tif,trainval/train/label/christchurch_890.tif
trainval/train/image/christchurch_895.tif,trainval/train/label/christchurch_895.tif
trainval/train/image/christchurch_897.tif,trainval/train/label/christchurch_897.tif
trainval/train/image/christchurch_898.tif,trainval/train/label/christchurch_898.tif
trainval/train/image/christchurch_900.tif,trainval/train/label/christchurch_900.tif
trainval/train/image/christchurch_901.tif,trainval/train/label/christchurch_901.tif
trainval/train/image/christchurch_902.tif,trainval/train/label/christchurch_902.tif
trainval/train/image/christchurch_903.tif,trainval/train/label/christchurch_903.tif
trainval/train/image/christchurch_904.tif,trainval/train/label/christchurch_904.tif
trainval/train/image/christchurch_905.tif,trainval/train/label/christchurch_905.tif
trainval/train/image/christchurch_906.tif,trainval/train/label/christchurch_906.tif
trainval/train/image/christchurch_907.tif,trainval/train/label/christchurch_907.tif
trainval/train/image/christchurch_909.tif,trainval/train/label/christchurch_909.tif
trainval/train/image/christchurch_910.tif,trainval/train/label/christchurch_910.tif
trainval/train/image/christchurch_911.tif,trainval/train/label/christchurch_911.tif
trainval/train/image/christchurch_912.tif,trainval/train/label/christchurch_912.tif
trainval/train/image/christchurch_914.tif,trainval/train/label/christchurch_914.tif
trainval/train/image/christchurch_915.tif,trainval/train/label/christchurch_915.tif
trainval/train/image/christchurch_916.tif,trainval/train/label/christchurch_916.tif
trainval/train/image/christchurch_917.tif,trainval/train/label/christchurch_917.tif
trainval/train/image/christchurch_918.tif,trainval/train/label/christchurch_918.tif
trainval/train/image/christchurch_919.tif,trainval/train/label/christchurch_919.tif
trainval/train/image/christchurch_927.tif,trainval/train/label/christchurch_927.tif
trainval/train/image/christchurch_931.tif,trainval/train/label/christchurch_931.tif
trainval/train/image/christchurch_933.tif,trainval/train/label/christchurch_933.tif
trainval/train/image/christchurch_934.tif,trainval/train/label/christchurch_934.tif
trainval/train/image/christchurch_935.tif,trainval/train/label/christchurch_935.tif
trainval/train/image/christchurch_936.tif,trainval/train/label/christchurch_936.tif
trainval/train/image/christchurch_937.tif,trainval/train/label/christchurch_937.tif
trainval/train/image/christchurch_938.tif,trainval/train/label/christchurch_938.tif
trainval/train/image/christchurch_939.tif,trainval/train/label/christchurch_939.tif
trainval/train/image/christchurch_940.tif,trainval/train/label/christchurch_940.tif
trainval/train/image/christchurch_942.tif,trainval/train/label/christchurch_942.tif
trainval/train/image/christchurch_943.tif,trainval/train/label/christchurch_943.tif
trainval/train/image/christchurch_944.tif,trainval/train/label/christchurch_944.tif
trainval/train/image/christchurch_947.tif,trainval/train/label/christchurch_947.tif
trainval/train/image/christchurch_948.tif,trainval/train/label/christchurch_948.tif
trainval/train/image/christchurch_949.tif,trainval/train/label/christchurch_949.tif
trainval/train/image/christchurch_950.tif,trainval/train/label/christchurch_950.tif
trainval/train/image/christchurch_951.tif,trainval/train/label/christchurch_951.tif
trainval/train/image/christchurch_952.tif,trainval/train/label/christchurch_952.tif
trainval/train/image/christchurch_954.tif,trainval/train/label/christchurch_954.tif
trainval/train/image/christchurch_955.tif,trainval/train/label/christchurch_955.tif
trainval/train/image/christchurch_956.tif,trainval/train/label/christchurch_956.tif
trainval/train/image/christchurch_959.tif,trainval/train/label/christchurch_959.tif
trainval/train/image/christchurch_960.tif,trainval/train/label/christchurch_960.tif
trainval/train/image/christchurch_963.tif,trainval/train/label/christchurch_963.tif
trainval/train/image/christchurch_964.tif,trainval/train/label/christchurch_964.tif
trainval/train/image/christchurch_966.tif,trainval/train/label/christchurch_966.tif
trainval/train/image/christchurch_968.tif,trainval/train/label/christchurch_968.tif
trainval/train/image/christchurch_969.tif,trainval/train/label/christchurch_969.tif
trainval/train/image/christchurch_972.tif,trainval/train/label/christchurch_972.tif
trainval/train/image/christchurch_973.tif,trainval/train/label/christchurch_973.tif
trainval/train/image/christchurch_974.tif,trainval/train/label/christchurch_974.tif
trainval/train/image/christchurch_975.tif,trainval/train/label/christchurch_975.tif
trainval/train/image/christchurch_976.tif,trainval/train/label/christchurch_976.tif
trainval/train/image/christchurch_977.tif,trainval/train/label/christchurch_977.tif
trainval/train/image/christchurch_978.tif,trainval/train/label/christchurch_978.tif
trainval/train/image/christchurch_979.tif,trainval/train/label/christchurch_979.tif
trainval/train/image/christchurch_980.tif,trainval/train/label/christchurch_980.tif
trainval/train/image/christchurch_981.tif,trainval/train/label/christchurch_981.tif
trainval/train/image/christchurch_983.tif,trainval/train/label/christchurch_983.tif
trainval/train/image/christchurch_985.tif,trainval/train/label/christchurch_985.tif
trainval/train/image/christchurch_986.tif,trainval/train/label/christchurch_986.tif
trainval/train/image/christchurch_987.tif,trainval/train/label/christchurch_987.tif
trainval/train/image/christchurch_988.tif,trainval/train/label/christchurch_988.tif
trainval/train/image/christchurch_989.tif,trainval/train/label/christchurch_989.tif
trainval/train/image/christchurch_993.tif,trainval/train/label/christchurch_993.tif
trainval/train/image/christchurch_994.tif,trainval/train/label/christchurch_994.tif
trainval/train/image/christchurch_995.tif,trainval/train/label/christchurch_995.tif
trainval/train/image/christchurch_997.tif,trainval/train/label/christchurch_997.tif
trainval/train/image/christchurch_998.tif,trainval/train/label/christchurch_998.tif
trainval/train/image/christchurch_999.tif,trainval/train/label/christchurch_999.tif
trainval/train/image/christchurch_1000.tif,trainval/train/label/christchurch_1000.tif
trainval/train/image/christchurch_1001.tif,trainval/train/label/christchurch_1001.tif
trainval/train/image/christchurch_1002.tif,trainval/train/label/christchurch_1002.tif
trainval/train/image/christchurch_1004.tif,trainval/train/label/christchurch_1004.tif
trainval/train/image/christchurch_1005.tif,trainval/train/label/christchurch_1005.tif
trainval/train/image/christchurch_1006.tif,trainval/train/label/christchurch_1006.tif
trainval/train/image/christchurch_1007.tif,trainval/train/label/christchurch_1007.tif
trainval/train/image/christchurch_1008.tif,trainval/train/label/christchurch_1008.tif
trainval/train/image/christchurch_1010.tif,trainval/train/label/christchurch_1010.tif
trainval/train/image/christchurch_1012.tif,trainval/train/label/christchurch_1012.tif
trainval/train/image/christchurch_1013.tif,trainval/train/label/christchurch_1013.tif
trainval/train/image/christchurch_1014.tif,trainval/train/label/christchurch_1014.tif
trainval/train/image/christchurch_1016.tif,trainval/train/label/christchurch_1016.tif
trainval/train/image/christchurch_1018.tif,trainval/train/label/christchurch_1018.tif
trainval/train/image/christchurch_1021.tif,trainval/train/label/christchurch_1021.tif
trainval/train/image/christchurch_1023.tif,trainval/train/label/christchurch_1023.tif
trainval/train/image/christchurch_1025.tif,trainval/train/label/christchurch_1025.tif
trainval/train/image/christchurch_1026.tif,trainval/train/label/christchurch_1026.tif
trainval/train/image/christchurch_1028.tif,trainval/train/label/christchurch_1028.tif
trainval/train/image/christchurch_1031.tif,trainval/train/label/christchurch_1031.tif
trainval/train/image/christchurch_1032.tif,trainval/train/label/christchurch_1032.tif
trainval/train/image/christchurch_1036.tif,trainval/train/label/christchurch_1036.tif
trainval/train/image/christchurch_1038.tif,trainval/train/label/christchurch_1038.tif
trainval/train/image/christchurch_1039.tif,trainval/train/label/christchurch_1039.tif
trainval/train/image/christchurch_1040.tif,trainval/train/label/christchurch_1040.tif
trainval/train/image/christchurch_1041.tif,trainval/train/label/christchurch_1041.tif
trainval/train/image/christchurch_1042.tif,trainval/train/label/christchurch_1042.tif
trainval/train/image/christchurch_1043.tif,trainval/train/label/christchurch_1043.tif
trainval/train/image/christchurch_1044.tif,trainval/train/label/christchurch_1044.tif
trainval/train/image/christchurch_1045.tif,trainval/train/label/christchurch_1045.tif
trainval/train/image/christchurch_1048.tif,trainval/train/label/christchurch_1048.tif
trainval/train/image/christchurch_1049.tif,trainval/train/label/christchurch_1049.tif
trainval/train/image/christchurch_1050.tif,trainval/train/label/christchurch_1050.tif
trainval/train/image/christchurch_1053.tif,trainval/train/label/christchurch_1053.tif
trainval/train/image/christchurch_1054.tif,trainval/train/label/christchurch_1054.tif
trainval/train/image/christchurch_1055.tif,trainval/train/label/christchurch_1055.tif
trainval/train/image/christchurch_1059.tif,trainval/train/label/christchurch_1059.tif
trainval/train/image/christchurch_1061.tif,trainval/train/label/christchurch_1061.tif
trainval/train/image/christchurch_1062.tif,trainval/train/label/christchurch_1062.tif
trainval/train/image/christchurch_1064.tif,trainval/train/label/christchurch_1064.tif
trainval/train/image/christchurch_1065.tif,trainval/train/label/christchurch_1065.tif
