dataset_cls,tile_id,img_path,label_path,x0,y0,patch_width,patch_height,fold_id
Miniworld,0,christchurch/test/0_x.tif,christchurch/test/0_y.tif,0,0,1500,1500,0
Miniworld,1,christchurch/test/2_x.tif,christchurch/test/2_y.tif,0,0,1500,1500,1
Miniworld,2,christchurch/test/3_x.tif,christchurch/test/3_y.tif,0,0,1500,1500,2
Miniworld,3,christchurch/test/6_x.tif,christchurch/test/6_y.tif,0,0,1500,1500,3
Miniworld,4,christchurch/test/8_x.tif,christchurch/test/8_y.tif,0,0,1500,1500,4
Miniworld,5,christchurch/test/9_x.tif,christchurch/test/9_y.tif,0,0,1500,1500,5
Miniworld,6,christchurch/test/10_x.tif,christchurch/test/10_y.tif,0,0,1500,1500,6
Miniworld,7,christchurch/test/11_x.tif,christchurch/test/11_y.tif,0,0,1500,1500,7
Miniworld,8,christchurch/test/12_x.tif,christchurch/test/12_y.tif,0,0,1500,1500,8
Miniworld,9,christchurch/test/13_x.tif,christchurch/test/13_y.tif,0,0,1500,1500,9
Miniworld,10,christchurch/test/14_x.tif,christchurch/test/14_y.tif,0,0,1500,1500,10
Miniworld,11,christchurch/test/16_x.tif,christchurch/test/16_y.tif,0,0,1500,1500,11
Miniworld,12,christchurch/test/18_x.tif,christchurch/test/18_y.tif,0,0,1500,1500,12
Miniworld,13,christchurch/test/19_x.tif,christchurch/test/19_y.tif,0,0,1500,1500,13
Miniworld,14,christchurch/test/20_x.tif,christchurch/test/20_y.tif,0,0,1500,1500,14
Miniworld,15,christchurch/test/21_x.tif,christchurch/test/21_y.tif,0,0,1500,1500,15
Miniworld,16,christchurch/test/22_x.tif,christchurch/test/22_y.tif,0,0,1500,1500,16
Miniworld,17,christchurch/test/24_x.tif,christchurch/test/24_y.tif,0,0,1500,1500,17
Miniworld,18,christchurch/test/26_x.tif,christchurch/test/26_y.tif,0,0,1500,1500,18
Miniworld,19,christchurch/test/27_x.tif,christchurch/test/27_y.tif,0,0,1500,1500,19
Miniworld,20,christchurch/test/28_x.tif,christchurch/test/28_y.tif,0,0,1500,1500,0
Miniworld,21,christchurch/test/29_x.tif,christchurch/test/29_y.tif,0,0,1500,1500,1
Miniworld,22,christchurch/test/30_x.tif,christchurch/test/30_y.tif,0,0,1500,1500,2
Miniworld,23,christchurch/test/31_x.tif,christchurch/test/31_y.tif,0,0,1500,1500,3
Miniworld,24,christchurch/test/32_x.tif,christchurch/test/32_y.tif,0,0,1500,1500,4
Miniworld,25,christchurch/test/33_x.tif,christchurch/test/33_y.tif,0,0,1500,1500,5
Miniworld,26,christchurch/test/34_x.tif,christchurch/test/34_y.tif,0,0,1500,1500,6
Miniworld,27,christchurch/test/35_x.tif,christchurch/test/35_y.tif,0,0,1500,1500,7
Miniworld,28,christchurch/test/36_x.tif,christchurch/test/36_y.tif,0,0,1500,1500,8
Miniworld,29,christchurch/test/37_x.tif,christchurch/test/37_y.tif,0,0,1500,1500,9
Miniworld,30,christchurch/test/39_x.tif,christchurch/test/39_y.tif,0,0,1500,1500,10
Miniworld,31,christchurch/test/40_x.tif,christchurch/test/40_y.tif,0,0,1500,1500,11
Miniworld,32,christchurch/test/41_x.tif,christchurch/test/41_y.tif,0,0,1500,1500,12
Miniworld,33,christchurch/test/42_x.tif,christchurch/test/42_y.tif,0,0,1500,1500,13
Miniworld,34,christchurch/test/43_x.tif,christchurch/test/43_y.tif,0,0,1500,1500,14
Miniworld,35,christchurch/test/44_x.tif,christchurch/test/44_y.tif,0,0,1500,1500,15
Miniworld,36,christchurch/test/45_x.tif,christchurch/test/45_y.tif,0,0,1500,1500,16
Miniworld,37,christchurch/test/46_x.tif,christchurch/test/46_y.tif,0,0,1500,1500,17
Miniworld,38,christchurch/test/48_x.tif,christchurch/test/48_y.tif,0,0,1500,1500,18
Miniworld,39,christchurch/test/50_x.tif,christchurch/test/50_y.tif,0,0,1500,1500,19
Miniworld,40,christchurch/test/51_x.tif,christchurch/test/51_y.tif,0,0,1500,1500,0
Miniworld,41,christchurch/test/53_x.tif,christchurch/test/53_y.tif,0,0,1500,1500,1
Miniworld,42,christchurch/test/54_x.tif,christchurch/test/54_y.tif,0,0,1500,1500,2
Miniworld,43,christchurch/test/55_x.tif,christchurch/test/55_y.tif,0,0,1500,1500,3
Miniworld,44,christchurch/test/56_x.tif,christchurch/test/56_y.tif,0,0,1500,1500,4
Miniworld,45,christchurch/test/57_x.tif,christchurch/test/57_y.tif,0,0,1500,1500,5
Miniworld,46,christchurch/test/58_x.tif,christchurch/test/58_y.tif,0,0,1500,1500,6
Miniworld,47,christchurch/test/60_x.tif,christchurch/test/60_y.tif,0,0,1500,1500,7
Miniworld,48,christchurch/test/61_x.tif,christchurch/test/61_y.tif,0,0,1500,1500,8
Miniworld,49,christchurch/test/65_x.tif,christchurch/test/65_y.tif,0,0,1500,1500,9
Miniworld,50,christchurch/test/66_x.tif,christchurch/test/66_y.tif,0,0,1500,1500,10
Miniworld,51,christchurch/test/67_x.tif,christchurch/test/67_y.tif,0,0,1500,1500,11
Miniworld,52,christchurch/test/68_x.tif,christchurch/test/68_y.tif,0,0,1500,1500,12
Miniworld,53,christchurch/test/69_x.tif,christchurch/test/69_y.tif,0,0,1500,1500,13
Miniworld,54,christchurch/test/70_x.tif,christchurch/test/70_y.tif,0,0,1500,1500,14
Miniworld,55,christchurch/test/71_x.tif,christchurch/test/71_y.tif,0,0,1500,1500,15
Miniworld,57,christchurch/test/73_x.tif,christchurch/test/73_y.tif,0,0,1500,1500,17
Miniworld,58,christchurch/test/74_x.tif,christchurch/test/74_y.tif,0,0,1500,1500,18
Miniworld,59,christchurch/test/75_x.tif,christchurch/test/75_y.tif,0,0,1500,1500,19
Miniworld,60,christchurch/test/78_x.tif,christchurch/test/78_y.tif,0,0,1500,1500,0
Miniworld,61,christchurch/test/79_x.tif,christchurch/test/79_y.tif,0,0,1500,1500,1
Miniworld,62,christchurch/test/81_x.tif,christchurch/test/81_y.tif,0,0,1500,1500,2
Miniworld,63,christchurch/test/82_x.tif,christchurch/test/82_y.tif,0,0,1500,1500,3
Miniworld,64,christchurch/test/83_x.tif,christchurch/test/83_y.tif,0,0,1500,1500,4
Miniworld,65,christchurch/test/84_x.tif,christchurch/test/84_y.tif,0,0,1500,1500,5
Miniworld,66,christchurch/test/85_x.tif,christchurch/test/85_y.tif,0,0,1500,1500,6
Miniworld,67,christchurch/test/86_x.tif,christchurch/test/86_y.tif,0,0,1500,1500,7
Miniworld,68,christchurch/test/87_x.tif,christchurch/test/87_y.tif,0,0,1500,1500,8
Miniworld,69,christchurch/test/89_x.tif,christchurch/test/89_y.tif,0,0,1500,1500,9
Miniworld,70,christchurch/test/90_x.tif,christchurch/test/90_y.tif,0,0,1500,1500,10
Miniworld,71,christchurch/test/91_x.tif,christchurch/test/91_y.tif,0,0,1500,1500,11
Miniworld,72,christchurch/test/93_x.tif,christchurch/test/93_y.tif,0,0,1500,1500,12
Miniworld,73,christchurch/train/0_x.tif,christchurch/train/0_y.tif,0,0,1500,1500,13
Miniworld,74,christchurch/train/2_x.tif,christchurch/train/2_y.tif,0,0,1500,1500,14
Miniworld,75,christchurch/train/3_x.tif,christchurch/train/3_y.tif,0,0,1500,1500,15
Miniworld,76,christchurch/train/4_x.tif,christchurch/train/4_y.tif,0,0,1500,1500,16
Miniworld,77,christchurch/train/5_x.tif,christchurch/train/5_y.tif,0,0,1500,1500,17
Miniworld,78,christchurch/train/6_x.tif,christchurch/train/6_y.tif,0,0,1500,1500,18
Miniworld,79,christchurch/train/7_x.tif,christchurch/train/7_y.tif,0,0,1500,1500,19
Miniworld,80,christchurch/train/8_x.tif,christchurch/train/8_y.tif,0,0,1500,1500,0
Miniworld,81,christchurch/train/10_x.tif,christchurch/train/10_y.tif,0,0,1500,1500,1
Miniworld,82,christchurch/train/11_x.tif,christchurch/train/11_y.tif,0,0,1500,1500,2
Miniworld,83,christchurch/train/12_x.tif,christchurch/train/12_y.tif,0,0,1500,1500,3
Miniworld,84,christchurch/train/13_x.tif,christchurch/train/13_y.tif,0,0,1500,1500,4
Miniworld,85,christchurch/train/14_x.tif,christchurch/train/14_y.tif,0,0,1500,1500,5
Miniworld,86,christchurch/train/15_x.tif,christchurch/train/15_y.tif,0,0,1500,1500,6
Miniworld,87,christchurch/train/16_x.tif,christchurch/train/16_y.tif,0,0,1500,1500,7
Miniworld,88,christchurch/train/17_x.tif,christchurch/train/17_y.tif,0,0,1500,1500,8
Miniworld,89,christchurch/train/19_x.tif,christchurch/train/19_y.tif,0,0,1500,1500,9
Miniworld,90,christchurch/train/20_x.tif,christchurch/train/20_y.tif,0,0,1500,1500,10
Miniworld,91,christchurch/train/21_x.tif,christchurch/train/21_y.tif,0,0,1500,1500,11
Miniworld,92,christchurch/train/22_x.tif,christchurch/train/22_y.tif,0,0,1500,1500,12
Miniworld,93,christchurch/train/24_x.tif,christchurch/train/24_y.tif,0,0,1500,1500,13
Miniworld,94,christchurch/train/25_x.tif,christchurch/train/25_y.tif,0,0,1500,1500,14
Miniworld,95,christchurch/train/26_x.tif,christchurch/train/26_y.tif,0,0,1500,1500,15
Miniworld,96,christchurch/train/27_x.tif,christchurch/train/27_y.tif,0,0,1500,1500,16
Miniworld,97,christchurch/train/28_x.tif,christchurch/train/28_y.tif,0,0,1500,1500,17
Miniworld,98,christchurch/train/29_x.tif,christchurch/train/29_y.tif,0,0,1500,1500,18
Miniworld,99,christchurch/train/30_x.tif,christchurch/train/30_y.tif,0,0,1500,1500,19
Miniworld,100,christchurch/train/31_x.tif,christchurch/train/31_y.tif,0,0,1500,1500,0
Miniworld,101,christchurch/train/32_x.tif,christchurch/train/32_y.tif,0,0,1500,1500,1
Miniworld,102,christchurch/train/34_x.tif,christchurch/train/34_y.tif,0,0,1500,1500,2
Miniworld,103,christchurch/train/35_x.tif,christchurch/train/35_y.tif,0,0,1500,1500,3
Miniworld,104,christchurch/train/38_x.tif,christchurch/train/38_y.tif,0,0,1500,1500,4
Miniworld,105,christchurch/train/39_x.tif,christchurch/train/39_y.tif,0,0,1500,1500,5
Miniworld,106,christchurch/train/40_x.tif,christchurch/train/40_y.tif,0,0,1500,1500,6
Miniworld,107,christchurch/train/41_x.tif,christchurch/train/41_y.tif,0,0,1500,1500,7
Miniworld,108,christchurch/train/44_x.tif,christchurch/train/44_y.tif,0,0,1500,1500,8
Miniworld,109,christchurch/train/45_x.tif,christchurch/train/45_y.tif,0,0,1500,1500,9
Miniworld,110,christchurch/train/46_x.tif,christchurch/train/46_y.tif,0,0,1500,1500,10
Miniworld,111,christchurch/train/47_x.tif,christchurch/train/47_y.tif,0,0,1500,1500,11
Miniworld,112,christchurch/train/48_x.tif,christchurch/train/48_y.tif,0,0,1500,1500,12
Miniworld,113,christchurch/train/50_x.tif,christchurch/train/50_y.tif,0,0,1500,1500,13
Miniworld,114,christchurch/train/51_x.tif,christchurch/train/51_y.tif,0,0,1500,1500,14
Miniworld,115,christchurch/train/52_x.tif,christchurch/train/52_y.tif,0,0,1500,1500,15
Miniworld,116,christchurch/train/53_x.tif,christchurch/train/53_y.tif,0,0,1500,1500,16
Miniworld,117,christchurch/train/54_x.tif,christchurch/train/54_y.tif,0,0,1500,1500,17
Miniworld,118,christchurch/train/55_x.tif,christchurch/train/55_y.tif,0,0,1500,1500,18
Miniworld,119,christchurch/train/56_x.tif,christchurch/train/56_y.tif,0,0,1500,1500,19
Miniworld,120,christchurch/train/57_x.tif,christchurch/train/57_y.tif,0,0,1500,1500,0
Miniworld,121,christchurch/train/58_x.tif,christchurch/train/58_y.tif,0,0,1500,1500,1
Miniworld,122,christchurch/train/59_x.tif,christchurch/train/59_y.tif,0,0,1500,1500,2
Miniworld,123,christchurch/train/60_x.tif,christchurch/train/60_y.tif,0,0,1500,1500,3
Miniworld,124,christchurch/train/61_x.tif,christchurch/train/61_y.tif,0,0,1500,1500,4
Miniworld,125,christchurch/train/62_x.tif,christchurch/train/62_y.tif,0,0,1500,1500,5
Miniworld,126,christchurch/train/63_x.tif,christchurch/train/63_y.tif,0,0,1500,1500,6
Miniworld,127,christchurch/train/64_x.tif,christchurch/train/64_y.tif,0,0,1500,1500,7
Miniworld,128,christchurch/train/65_x.tif,christchurch/train/65_y.tif,0,0,1500,1500,8
Miniworld,129,christchurch/train/66_x.tif,christchurch/train/66_y.tif,0,0,1500,1500,9
Miniworld,130,christchurch/train/67_x.tif,christchurch/train/67_y.tif,0,0,1500,1500,10
Miniworld,131,christchurch/train/68_x.tif,christchurch/train/68_y.tif,0,0,1500,1500,11
Miniworld,132,christchurch/train/69_x.tif,christchurch/train/69_y.tif,0,0,1500,1500,12
Miniworld,133,christchurch/train/70_x.tif,christchurch/train/70_y.tif,0,0,1500,1500,13
Miniworld,134,christchurch/train/71_x.tif,christchurch/train/71_y.tif,0,0,1500,1500,14
Miniworld,135,christchurch/train/72_x.tif,christchurch/train/72_y.tif,0,0,1500,1500,15
Miniworld,136,christchurch/train/74_x.tif,christchurch/train/74_y.tif,0,0,1500,1500,16
Miniworld,137,christchurch/train/75_x.tif,christchurch/train/75_y.tif,0,0,1500,1500,17
Miniworld,138,christchurch/train/76_x.tif,christchurch/train/76_y.tif,0,0,1500,1500,18
Miniworld,139,christchurch/train/77_x.tif,christchurch/train/77_y.tif,0,0,1500,1500,19
Miniworld,140,christchurch/train/78_x.tif,christchurch/train/78_y.tif,0,0,1500,1500,0
Miniworld,141,christchurch/train/79_x.tif,christchurch/train/79_y.tif,0,0,1500,1500,1
Miniworld,142,christchurch/train/80_x.tif,christchurch/train/80_y.tif,0,0,1500,1500,2
Miniworld,143,christchurch/train/81_x.tif,christchurch/train/81_y.tif,0,0,1500,1500,3
Miniworld,144,christchurch/train/82_x.tif,christchurch/train/82_y.tif,0,0,1500,1500,4
Miniworld,145,christchurch/train/83_x.tif,christchurch/train/83_y.tif,0,0,1500,1500,5
Miniworld,146,christchurch/train/84_x.tif,christchurch/train/84_y.tif,0,0,1500,1500,6
Miniworld,147,christchurch/train/85_x.tif,christchurch/train/85_y.tif,0,0,1500,1500,7
Miniworld,148,christchurch/train/86_x.tif,christchurch/train/86_y.tif,0,0,1500,1500,8
Miniworld,149,christchurch/train/87_x.tif,christchurch/train/87_y.tif,0,0,1500,1500,9
Miniworld,150,christchurch/train/88_x.tif,christchurch/train/88_y.tif,0,0,1500,1500,10
Miniworld,151,christchurch/train/90_x.tif,christchurch/train/90_y.tif,0,0,1500,1500,11
Miniworld,152,christchurch/train/91_x.tif,christchurch/train/91_y.tif,0,0,1500,1500,12
Miniworld,153,christchurch/train/92_x.tif,christchurch/train/92_y.tif,0,0,1500,1500,13
Miniworld,154,christchurch/train/93_x.tif,christchurch/train/93_y.tif,0,0,1500,1500,14
Miniworld,155,christchurch/train/94_x.tif,christchurch/train/94_y.tif,0,0,1500,1500,15
Miniworld,157,christchurch/train/96_x.tif,christchurch/train/96_y.tif,0,0,1500,1500,17
Miniworld,158,christchurch/train/98_x.tif,christchurch/train/98_y.tif,0,0,1500,1500,18
Miniworld,159,christchurch/train/99_x.tif,christchurch/train/99_y.tif,0,0,1500,1500,19
Miniworld,160,christchurch/train/100_x.tif,christchurch/train/100_y.tif,0,0,1500,1500,0
Miniworld,161,christchurch/train/101_x.tif,christchurch/train/101_y.tif,0,0,1500,1500,1
Miniworld,162,christchurch/train/102_x.tif,christchurch/train/102_y.tif,0,0,1500,1500,2
Miniworld,163,christchurch/train/104_x.tif,christchurch/train/104_y.tif,0,0,1500,1500,3
Miniworld,164,christchurch/train/105_x.tif,christchurch/train/105_y.tif,0,0,1500,1500,4
Miniworld,165,christchurch/train/107_x.tif,christchurch/train/107_y.tif,0,0,1500,1500,5
Miniworld,166,christchurch/train/108_x.tif,christchurch/train/108_y.tif,0,0,1500,1500,6
Miniworld,167,christchurch/train/109_x.tif,christchurch/train/109_y.tif,0,0,1500,1500,7
Miniworld,168,christchurch/train/110_x.tif,christchurch/train/110_y.tif,0,0,1500,1500,8
Miniworld,169,christchurch/train/111_x.tif,christchurch/train/111_y.tif,0,0,1500,1500,9
Miniworld,170,christchurch/train/112_x.tif,christchurch/train/112_y.tif,0,0,1500,1500,10
Miniworld,171,christchurch/train/113_x.tif,christchurch/train/113_y.tif,0,0,1500,1500,11
Miniworld,172,christchurch/train/114_x.tif,christchurch/train/114_y.tif,0,0,1500,1500,12
Miniworld,173,christchurch/train/115_x.tif,christchurch/train/115_y.tif,0,0,1500,1500,13
Miniworld,175,christchurch/train/117_x.tif,christchurch/train/117_y.tif,0,0,1500,1500,15
Miniworld,176,christchurch/train/118_x.tif,christchurch/train/118_y.tif,0,0,1500,1500,16
Miniworld,177,christchurch/train/119_x.tif,christchurch/train/119_y.tif,0,0,1500,1500,17
Miniworld,178,christchurch/train/120_x.tif,christchurch/train/120_y.tif,0,0,1500,1500,18
Miniworld,179,christchurch/train/121_x.tif,christchurch/train/121_y.tif,0,0,1500,1500,19
Miniworld,180,christchurch/train/122_x.tif,christchurch/train/122_y.tif,0,0,1500,1500,0
Miniworld,181,christchurch/train/123_x.tif,christchurch/train/123_y.tif,0,0,1500,1500,1
Miniworld,182,christchurch/train/124_x.tif,christchurch/train/124_y.tif,0,0,1500,1500,2
Miniworld,183,christchurch/train/125_x.tif,christchurch/train/125_y.tif,0,0,1500,1500,3
Miniworld,184,christchurch/train/126_x.tif,christchurch/train/126_y.tif,0,0,1500,1500,4
Miniworld,185,christchurch/train/127_x.tif,christchurch/train/127_y.tif,0,0,1500,1500,5
Miniworld,186,christchurch/train/128_x.tif,christchurch/train/128_y.tif,0,0,1500,1500,6
Miniworld,187,christchurch/train/129_x.tif,christchurch/train/129_y.tif,0,0,1500,1500,7
Miniworld,188,christchurch/train/130_x.tif,christchurch/train/130_y.tif,0,0,1500,1500,8
Miniworld,189,christchurch/train/131_x.tif,christchurch/train/131_y.tif,0,0,1500,1500,9
Miniworld,190,christchurch/train/132_x.tif,christchurch/train/132_y.tif,0,0,1500,1500,10
Miniworld,191,christchurch/train/133_x.tif,christchurch/train/133_y.tif,0,0,1500,1500,11
Miniworld,192,christchurch/train/134_x.tif,christchurch/train/134_y.tif,0,0,1500,1500,12
Miniworld,193,christchurch/train/135_x.tif,christchurch/train/135_y.tif,0,0,1500,1500,13
Miniworld,194,christchurch/train/136_x.tif,christchurch/train/136_y.tif,0,0,1500,1500,14
Miniworld,195,christchurch/train/137_x.tif,christchurch/train/137_y.tif,0,0,1500,1500,15
Miniworld,196,christchurch/train/138_x.tif,christchurch/train/138_y.tif,0,0,1500,1500,16
Miniworld,197,christchurch/train/140_x.tif,christchurch/train/140_y.tif,0,0,1500,1500,17
Miniworld,198,christchurch/train/141_x.tif,christchurch/train/141_y.tif,0,0,1500,1500,18
Miniworld,199,christchurch/train/142_x.tif,christchurch/train/142_y.tif,0,0,1500,1500,19
Miniworld,200,christchurch/train/143_x.tif,christchurch/train/143_y.tif,0,0,1500,1500,0
Miniworld,201,christchurch/train/145_x.tif,christchurch/train/145_y.tif,0,0,1500,1500,1
Miniworld,202,christchurch/train/146_x.tif,christchurch/train/146_y.tif,0,0,1500,1500,2
Miniworld,203,christchurch/train/147_x.tif,christchurch/train/147_y.tif,0,0,1500,1500,3
Miniworld,204,christchurch/train/148_x.tif,christchurch/train/148_y.tif,0,0,1500,1500,4
Miniworld,205,christchurch/train/149_x.tif,christchurch/train/149_y.tif,0,0,1500,1500,5
Miniworld,206,christchurch/train/150_x.tif,christchurch/train/150_y.tif,0,0,1500,1500,6
Miniworld,207,christchurch/train/152_x.tif,christchurch/train/152_y.tif,0,0,1500,1500,7
Miniworld,208,christchurch/train/153_x.tif,christchurch/train/153_y.tif,0,0,1500,1500,8
Miniworld,209,christchurch/train/154_x.tif,christchurch/train/154_y.tif,0,0,1500,1500,9
Miniworld,210,christchurch/train/155_x.tif,christchurch/train/155_y.tif,0,0,1500,1500,10
Miniworld,211,christchurch/train/156_x.tif,christchurch/train/156_y.tif,0,0,1500,1500,11
Miniworld,212,christchurch/train/157_x.tif,christchurch/train/157_y.tif,0,0,1500,1500,12
Miniworld,213,christchurch/train/158_x.tif,christchurch/train/158_y.tif,0,0,1500,1500,13
Miniworld,214,christchurch/train/160_x.tif,christchurch/train/160_y.tif,0,0,1500,1500,14
Miniworld,216,christchurch/train/164_x.tif,christchurch/train/164_y.tif,0,0,1500,1500,16
Miniworld,217,christchurch/train/165_x.tif,christchurch/train/165_y.tif,0,0,1500,1500,17
Miniworld,218,christchurch/train/166_x.tif,christchurch/train/166_y.tif,0,0,1500,1500,18
Miniworld,219,christchurch/train/167_x.tif,christchurch/train/167_y.tif,0,0,1500,1500,19
Miniworld,220,christchurch/train/168_x.tif,christchurch/train/168_y.tif,0,0,1500,1500,0
Miniworld,221,christchurch/train/169_x.tif,christchurch/train/169_y.tif,0,0,1500,1500,1
Miniworld,222,christchurch/train/170_x.tif,christchurch/train/170_y.tif,0,0,1500,1500,2
Miniworld,223,christchurch/train/171_x.tif,christchurch/train/171_y.tif,0,0,1500,1500,3
Miniworld,224,christchurch/train/172_x.tif,christchurch/train/172_y.tif,0,0,1500,1500,4
Miniworld,225,christchurch/train/173_x.tif,christchurch/train/173_y.tif,0,0,1500,1500,5
Miniworld,226,christchurch/train/174_x.tif,christchurch/train/174_y.tif,0,0,1500,1500,6
Miniworld,227,christchurch/train/175_x.tif,christchurch/train/175_y.tif,0,0,1500,1500,7
Miniworld,228,christchurch/train/177_x.tif,christchurch/train/177_y.tif,0,0,1500,1500,8
Miniworld,229,christchurch/train/179_x.tif,christchurch/train/179_y.tif,0,0,1500,1500,9
Miniworld,230,christchurch/train/180_x.tif,christchurch/train/180_y.tif,0,0,1500,1500,10
Miniworld,231,christchurch/train/182_x.tif,christchurch/train/182_y.tif,0,0,1500,1500,11
Miniworld,232,christchurch/train/183_x.tif,christchurch/train/183_y.tif,0,0,1500,1500,12
Miniworld,233,christchurch/train/184_x.tif,christchurch/train/184_y.tif,0,0,1500,1500,13
Miniworld,234,christchurch/train/186_x.tif,christchurch/train/186_y.tif,0,0,1500,1500,14
Miniworld,235,christchurch/train/187_x.tif,christchurch/train/187_y.tif,0,0,1500,1500,15
Miniworld,236,christchurch/train/189_x.tif,christchurch/train/189_y.tif,0,0,1500,1500,16
Miniworld,237,christchurch/train/191_x.tif,christchurch/train/191_y.tif,0,0,1500,1500,17
Miniworld,238,christchurch/train/192_x.tif,christchurch/train/192_y.tif,0,0,1500,1500,18
Miniworld,239,christchurch/train/193_x.tif,christchurch/train/193_y.tif,0,0,1500,1500,19
Miniworld,240,christchurch/train/194_x.tif,christchurch/train/194_y.tif,0,0,1500,1500,0
Miniworld,241,christchurch/train/195_x.tif,christchurch/train/195_y.tif,0,0,1500,1500,1
Miniworld,242,christchurch/train/196_x.tif,christchurch/train/196_y.tif,0,0,1500,1500,2
Miniworld,243,christchurch/train/197_x.tif,christchurch/train/197_y.tif,0,0,1500,1500,3
Miniworld,244,christchurch/train/198_x.tif,christchurch/train/198_y.tif,0,0,1500,1500,4
Miniworld,245,christchurch/train/199_x.tif,christchurch/train/199_y.tif,0,0,1500,1500,5
Miniworld,246,christchurch/train/200_x.tif,christchurch/train/200_y.tif,0,0,1500,1500,6
Miniworld,247,christchurch/train/201_x.tif,christchurch/train/201_y.tif,0,0,1500,1500,7
Miniworld,248,christchurch/train/202_x.tif,christchurch/train/202_y.tif,0,0,1500,1500,8
Miniworld,249,christchurch/train/203_x.tif,christchurch/train/203_y.tif,0,0,1500,1500,9
Miniworld,250,christchurch/train/204_x.tif,christchurch/train/204_y.tif,0,0,1500,1500,10
Miniworld,251,christchurch/train/205_x.tif,christchurch/train/205_y.tif,0,0,1500,1500,11
Miniworld,253,christchurch/train/207_x.tif,christchurch/train/207_y.tif,0,0,1500,1500,13
Miniworld,254,christchurch/train/208_x.tif,christchurch/train/208_y.tif,0,0,1500,1500,14
Miniworld,255,christchurch/train/209_x.tif,christchurch/train/209_y.tif,0,0,1500,1500,15
Miniworld,256,christchurch/train/211_x.tif,christchurch/train/211_y.tif,0,0,1500,1500,16
Miniworld,257,christchurch/train/212_x.tif,christchurch/train/212_y.tif,0,0,1500,1500,17
Miniworld,258,christchurch/train/213_x.tif,christchurch/train/213_y.tif,0,0,1500,1500,18
Miniworld,259,christchurch/train/214_x.tif,christchurch/train/214_y.tif,0,0,1500,1500,19
Miniworld,260,christchurch/train/216_x.tif,christchurch/train/216_y.tif,0,0,1500,1500,0
Miniworld,261,christchurch/train/217_x.tif,christchurch/train/217_y.tif,0,0,1500,1500,1
Miniworld,262,christchurch/train/218_x.tif,christchurch/train/218_y.tif,0,0,1500,1500,2
Miniworld,263,christchurch/train/219_x.tif,christchurch/train/219_y.tif,0,0,1500,1500,3
Miniworld,264,christchurch/train/220_x.tif,christchurch/train/220_y.tif,0,0,1500,1500,4
Miniworld,265,christchurch/train/221_x.tif,christchurch/train/221_y.tif,0,0,1500,1500,5
Miniworld,266,christchurch/train/222_x.tif,christchurch/train/222_y.tif,0,0,1500,1500,6
Miniworld,267,christchurch/train/223_x.tif,christchurch/train/223_y.tif,0,0,1500,1500,7
Miniworld,268,christchurch/train/225_x.tif,christchurch/train/225_y.tif,0,0,1500,1500,8
Miniworld,269,christchurch/train/226_x.tif,christchurch/train/226_y.tif,0,0,1500,1500,9
Miniworld,270,christchurch/train/228_x.tif,christchurch/train/228_y.tif,0,0,1500,1500,10
Miniworld,271,christchurch/train/229_x.tif,christchurch/train/229_y.tif,0,0,1500,1500,11
Miniworld,272,christchurch/train/230_x.tif,christchurch/train/230_y.tif,0,0,1500,1500,12
Miniworld,273,christchurch/train/232_x.tif,christchurch/train/232_y.tif,0,0,1500,1500,13
Miniworld,274,christchurch/train/233_x.tif,christchurch/train/233_y.tif,0,0,1500,1500,14
Miniworld,275,christchurch/train/234_x.tif,christchurch/train/234_y.tif,0,0,1500,1500,15
Miniworld,276,christchurch/train/236_x.tif,christchurch/train/236_y.tif,0,0,1500,1500,16
Miniworld,277,christchurch/train/237_x.tif,christchurch/train/237_y.tif,0,0,1500,1500,17
Miniworld,278,christchurch/train/238_x.tif,christchurch/train/238_y.tif,0,0,1500,1500,18
Miniworld,279,christchurch/train/239_x.tif,christchurch/train/239_y.tif,0,0,1500,1500,19
Miniworld,280,christchurch/train/240_x.tif,christchurch/train/240_y.tif,0,0,1500,1500,0
Miniworld,281,christchurch/train/241_x.tif,christchurch/train/241_y.tif,0,0,1500,1500,1
Miniworld,282,christchurch/train/242_x.tif,christchurch/train/242_y.tif,0,0,1500,1500,2
Miniworld,283,christchurch/train/243_x.tif,christchurch/train/243_y.tif,0,0,1500,1500,3
Miniworld,284,christchurch/train/244_x.tif,christchurch/train/244_y.tif,0,0,1500,1500,4
Miniworld,285,christchurch/train/245_x.tif,christchurch/train/245_y.tif,0,0,1500,1500,5
Miniworld,286,christchurch/train/246_x.tif,christchurch/train/246_y.tif,0,0,1500,1500,6
Miniworld,287,christchurch/train/247_x.tif,christchurch/train/247_y.tif,0,0,1500,1500,7
Miniworld,288,christchurch/train/248_x.tif,christchurch/train/248_y.tif,0,0,1500,1500,8
Miniworld,289,christchurch/train/249_x.tif,christchurch/train/249_y.tif,0,0,1500,1500,9
Miniworld,290,christchurch/train/250_x.tif,christchurch/train/250_y.tif,0,0,1500,1500,10
Miniworld,291,christchurch/train/251_x.tif,christchurch/train/251_y.tif,0,0,1500,1500,11
Miniworld,292,christchurch/train/252_x.tif,christchurch/train/252_y.tif,0,0,1500,1500,12
Miniworld,293,christchurch/train/253_x.tif,christchurch/train/253_y.tif,0,0,1500,1500,13
Miniworld,294,christchurch/train/254_x.tif,christchurch/train/254_y.tif,0,0,1500,1500,14
Miniworld,295,christchurch/train/255_x.tif,christchurch/train/255_y.tif,0,0,1500,1500,15
Miniworld,296,christchurch/train/256_x.tif,christchurch/train/256_y.tif,0,0,1500,1500,16
Miniworld,297,christchurch/train/257_x.tif,christchurch/train/257_y.tif,0,0,1500,1500,17
Miniworld,298,christchurch/train/258_x.tif,christchurch/train/258_y.tif,0,0,1500,1500,18
Miniworld,299,christchurch/train/259_x.tif,christchurch/train/259_y.tif,0,0,1500,1500,19
Miniworld,300,christchurch/train/260_x.tif,christchurch/train/260_y.tif,0,0,1500,1500,0
Miniworld,301,christchurch/train/261_x.tif,christchurch/train/261_y.tif,0,0,1500,1500,1
Miniworld,302,christchurch/train/262_x.tif,christchurch/train/262_y.tif,0,0,1500,1500,2
Miniworld,303,christchurch/train/263_x.tif,christchurch/train/263_y.tif,0,0,1500,1500,3
Miniworld,304,christchurch/train/264_x.tif,christchurch/train/264_y.tif,0,0,1500,1500,4
Miniworld,305,christchurch/train/265_x.tif,christchurch/train/265_y.tif,0,0,1500,1500,5
Miniworld,306,christchurch/train/266_x.tif,christchurch/train/266_y.tif,0,0,1500,1500,6
Miniworld,307,christchurch/train/268_x.tif,christchurch/train/268_y.tif,0,0,1500,1500,7
Miniworld,308,christchurch/train/270_x.tif,christchurch/train/270_y.tif,0,0,1500,1500,8
Miniworld,309,christchurch/train/273_x.tif,christchurch/train/273_y.tif,0,0,1500,1500,9
Miniworld,310,christchurch/train/274_x.tif,christchurch/train/274_y.tif,0,0,1500,1500,10
Miniworld,311,christchurch/train/275_x.tif,christchurch/train/275_y.tif,0,0,1500,1500,11
Miniworld,312,christchurch/train/276_x.tif,christchurch/train/276_y.tif,0,0,1500,1500,12
Miniworld,313,christchurch/train/277_x.tif,christchurch/train/277_y.tif,0,0,1500,1500,13
Miniworld,314,christchurch/train/278_x.tif,christchurch/train/278_y.tif,0,0,1500,1500,14
Miniworld,315,christchurch/train/281_x.tif,christchurch/train/281_y.tif,0,0,1500,1500,15
Miniworld,316,christchurch/train/282_x.tif,christchurch/train/282_y.tif,0,0,1500,1500,16
Miniworld,317,christchurch/train/283_x.tif,christchurch/train/283_y.tif,0,0,1500,1500,17
Miniworld,318,christchurch/train/284_x.tif,christchurch/train/284_y.tif,0,0,1500,1500,18
Miniworld,319,christchurch/train/286_x.tif,christchurch/train/286_y.tif,0,0,1500,1500,19
Miniworld,320,christchurch/train/287_x.tif,christchurch/train/287_y.tif,0,0,1500,1500,0
Miniworld,321,christchurch/train/288_x.tif,christchurch/train/288_y.tif,0,0,1500,1500,1
Miniworld,322,christchurch/train/289_x.tif,christchurch/train/289_y.tif,0,0,1500,1500,2
Miniworld,323,christchurch/train/292_x.tif,christchurch/train/292_y.tif,0,0,1500,1500,3
Miniworld,324,christchurch/train/293_x.tif,christchurch/train/293_y.tif,0,0,1500,1500,4
Miniworld,325,christchurch/train/294_x.tif,christchurch/train/294_y.tif,0,0,1500,1500,5
Miniworld,326,christchurch/train/295_x.tif,christchurch/train/295_y.tif,0,0,1500,1500,6
Miniworld,327,christchurch/train/296_x.tif,christchurch/train/296_y.tif,0,0,1500,1500,7
Miniworld,328,christchurch/train/298_x.tif,christchurch/train/298_y.tif,0,0,1500,1500,8
Miniworld,329,christchurch/train/299_x.tif,christchurch/train/299_y.tif,0,0,1500,1500,9
Miniworld,330,christchurch/train/300_x.tif,christchurch/train/300_y.tif,0,0,1500,1500,10
Miniworld,331,christchurch/train/301_x.tif,christchurch/train/301_y.tif,0,0,1500,1500,11
Miniworld,332,christchurch/train/302_x.tif,christchurch/train/302_y.tif,0,0,1500,1500,12
Miniworld,333,christchurch/train/304_x.tif,christchurch/train/304_y.tif,0,0,1500,1500,13
Miniworld,334,christchurch/train/305_x.tif,christchurch/train/305_y.tif,0,0,1500,1500,14
Miniworld,335,christchurch/train/306_x.tif,christchurch/train/306_y.tif,0,0,1500,1500,15
Miniworld,336,christchurch/train/307_x.tif,christchurch/train/307_y.tif,0,0,1500,1500,16
Miniworld,337,christchurch/train/308_x.tif,christchurch/train/308_y.tif,0,0,1500,1500,17
Miniworld,338,christchurch/train/309_x.tif,christchurch/train/309_y.tif,0,0,1500,1500,18
Miniworld,339,christchurch/train/310_x.tif,christchurch/train/310_y.tif,0,0,1500,1500,19
Miniworld,340,christchurch/train/311_x.tif,christchurch/train/311_y.tif,0,0,1500,1500,0
Miniworld,341,christchurch/train/313_x.tif,christchurch/train/313_y.tif,0,0,1500,1500,1
Miniworld,342,christchurch/train/314_x.tif,christchurch/train/314_y.tif,0,0,1500,1500,2
Miniworld,343,christchurch/train/315_x.tif,christchurch/train/315_y.tif,0,0,1500,1500,3
Miniworld,344,christchurch/train/316_x.tif,christchurch/train/316_y.tif,0,0,1500,1500,4
Miniworld,345,christchurch/train/317_x.tif,christchurch/train/317_y.tif,0,0,1500,1500,5
Miniworld,346,christchurch/train/318_x.tif,christchurch/train/318_y.tif,0,0,1500,1500,6
Miniworld,347,christchurch/train/319_x.tif,christchurch/train/319_y.tif,0,0,1500,1500,7
Miniworld,348,christchurch/train/320_x.tif,christchurch/train/320_y.tif,0,0,1500,1500,8
Miniworld,349,christchurch/train/323_x.tif,christchurch/train/323_y.tif,0,0,1500,1500,9
Miniworld,350,christchurch/train/324_x.tif,christchurch/train/324_y.tif,0,0,1500,1500,10
Miniworld,351,christchurch/train/325_x.tif,christchurch/train/325_y.tif,0,0,1500,1500,11
Miniworld,352,christchurch/train/326_x.tif,christchurch/train/326_y.tif,0,0,1500,1500,12
Miniworld,353,christchurch/train/327_x.tif,christchurch/train/327_y.tif,0,0,1500,1500,13
Miniworld,354,christchurch/train/328_x.tif,christchurch/train/328_y.tif,0,0,1500,1500,14
Miniworld,355,christchurch/train/329_x.tif,christchurch/train/329_y.tif,0,0,1500,1500,15
Miniworld,356,christchurch/train/330_x.tif,christchurch/train/330_y.tif,0,0,1500,1500,16
Miniworld,357,christchurch/train/331_x.tif,christchurch/train/331_y.tif,0,0,1500,1500,17
Miniworld,358,christchurch/train/332_x.tif,christchurch/train/332_y.tif,0,0,1500,1500,18
Miniworld,359,christchurch/train/333_x.tif,christchurch/train/333_y.tif,0,0,1500,1500,19
Miniworld,360,christchurch/train/335_x.tif,christchurch/train/335_y.tif,0,0,1500,1500,0
Miniworld,361,christchurch/train/336_x.tif,christchurch/train/336_y.tif,0,0,1500,1500,1
Miniworld,362,christchurch/train/337_x.tif,christchurch/train/337_y.tif,0,0,1500,1500,2
Miniworld,363,christchurch/train/338_x.tif,christchurch/train/338_y.tif,0,0,1500,1500,3
Miniworld,364,christchurch/train/339_x.tif,christchurch/train/339_y.tif,0,0,1500,1500,4
Miniworld,365,christchurch/train/340_x.tif,christchurch/train/340_y.tif,0,0,1500,1500,5
Miniworld,366,christchurch/train/342_x.tif,christchurch/train/342_y.tif,0,0,1500,1500,6
Miniworld,367,christchurch/train/343_x.tif,christchurch/train/343_y.tif,0,0,1500,1500,7
Miniworld,368,christchurch/train/344_x.tif,christchurch/train/344_y.tif,0,0,1500,1500,8
Miniworld,369,christchurch/train/345_x.tif,christchurch/train/345_y.tif,0,0,1500,1500,9
Miniworld,370,christchurch/train/346_x.tif,christchurch/train/346_y.tif,0,0,1500,1500,10
Miniworld,371,christchurch/train/347_x.tif,christchurch/train/347_y.tif,0,0,1500,1500,11
Miniworld,372,christchurch/train/348_x.tif,christchurch/train/348_y.tif,0,0,1500,1500,12
Miniworld,373,christchurch/train/349_x.tif,christchurch/train/349_y.tif,0,0,1500,1500,13
Miniworld,374,christchurch/train/351_x.tif,christchurch/train/351_y.tif,0,0,1500,1500,14
Miniworld,375,christchurch/train/352_x.tif,christchurch/train/352_y.tif,0,0,1500,1500,15
Miniworld,376,christchurch/train/353_x.tif,christchurch/train/353_y.tif,0,0,1500,1500,16
Miniworld,377,christchurch/train/354_x.tif,christchurch/train/354_y.tif,0,0,1500,1500,17
Miniworld,378,christchurch/train/355_x.tif,christchurch/train/355_y.tif,0,0,1500,1500,18
Miniworld,379,christchurch/train/356_x.tif,christchurch/train/356_y.tif,0,0,1500,1500,19
Miniworld,380,christchurch/train/357_x.tif,christchurch/train/357_y.tif,0,0,1500,1500,0
Miniworld,381,christchurch/train/358_x.tif,christchurch/train/358_y.tif,0,0,1500,1500,1
Miniworld,382,christchurch/train/359_x.tif,christchurch/train/359_y.tif,0,0,1500,1500,2
Miniworld,383,christchurch/train/360_x.tif,christchurch/train/360_y.tif,0,0,1500,1500,3
Miniworld,384,christchurch/train/361_x.tif,christchurch/train/361_y.tif,0,0,1500,1500,4
Miniworld,385,christchurch/train/362_x.tif,christchurch/train/362_y.tif,0,0,1500,1500,5
Miniworld,386,christchurch/train/363_x.tif,christchurch/train/363_y.tif,0,0,1500,1500,6
Miniworld,387,christchurch/train/364_x.tif,christchurch/train/364_y.tif,0,0,1500,1500,7
Miniworld,388,christchurch/train/365_x.tif,christchurch/train/365_y.tif,0,0,1500,1500,8
Miniworld,389,christchurch/train/366_x.tif,christchurch/train/366_y.tif,0,0,1500,1500,9
Miniworld,391,christchurch/train/368_x.tif,christchurch/train/368_y.tif,0,0,1500,1500,11
Miniworld,392,christchurch/train/369_x.tif,christchurch/train/369_y.tif,0,0,1500,1500,12
Miniworld,393,christchurch/train/370_x.tif,christchurch/train/370_y.tif,0,0,1500,1500,13
Miniworld,394,christchurch/train/371_x.tif,christchurch/train/371_y.tif,0,0,1500,1500,14
Miniworld,395,christchurch/train/372_x.tif,christchurch/train/372_y.tif,0,0,1500,1500,15
Miniworld,396,christchurch/train/373_x.tif,christchurch/train/373_y.tif,0,0,1500,1500,16
Miniworld,397,christchurch/train/374_x.tif,christchurch/train/374_y.tif,0,0,1500,1500,17
Miniworld,398,christchurch/train/375_x.tif,christchurch/train/375_y.tif,0,0,1500,1500,18
Miniworld,399,christchurch/train/376_x.tif,christchurch/train/376_y.tif,0,0,1500,1500,19
Miniworld,400,christchurch/train/377_x.tif,christchurch/train/377_y.tif,0,0,1500,1500,0
Miniworld,401,christchurch/train/378_x.tif,christchurch/train/378_y.tif,0,0,1500,1500,1
Miniworld,402,christchurch/train/379_x.tif,christchurch/train/379_y.tif,0,0,1500,1500,2
Miniworld,403,christchurch/train/380_x.tif,christchurch/train/380_y.tif,0,0,1500,1500,3
Miniworld,404,christchurch/train/381_x.tif,christchurch/train/381_y.tif,0,0,1500,1500,4
Miniworld,405,christchurch/train/382_x.tif,christchurch/train/382_y.tif,0,0,1500,1500,5
Miniworld,406,christchurch/train/384_x.tif,christchurch/train/384_y.tif,0,0,1500,1500,6
Miniworld,407,christchurch/train/385_x.tif,christchurch/train/385_y.tif,0,0,1500,1500,7
Miniworld,408,christchurch/train/386_x.tif,christchurch/train/386_y.tif,0,0,1500,1500,8
Miniworld,409,christchurch/train/387_x.tif,christchurch/train/387_y.tif,0,0,1500,1500,9
Miniworld,410,christchurch/train/388_x.tif,christchurch/train/388_y.tif,0,0,1500,1500,10
Miniworld,411,christchurch/train/389_x.tif,christchurch/train/389_y.tif,0,0,1500,1500,11
Miniworld,412,christchurch/train/390_x.tif,christchurch/train/390_y.tif,0,0,1500,1500,12
Miniworld,413,christchurch/train/392_x.tif,christchurch/train/392_y.tif,0,0,1500,1500,13
Miniworld,414,christchurch/train/393_x.tif,christchurch/train/393_y.tif,0,0,1500,1500,14
Miniworld,415,christchurch/train/395_x.tif,christchurch/train/395_y.tif,0,0,1500,1500,15
Miniworld,416,christchurch/train/397_x.tif,christchurch/train/397_y.tif,0,0,1500,1500,16
Miniworld,417,christchurch/train/399_x.tif,christchurch/train/399_y.tif,0,0,1500,1500,17
Miniworld,418,christchurch/train/400_x.tif,christchurch/train/400_y.tif,0,0,1500,1500,18
Miniworld,419,christchurch/train/401_x.tif,christchurch/train/401_y.tif,0,0,1500,1500,19
Miniworld,420,christchurch/train/403_x.tif,christchurch/train/403_y.tif,0,0,1500,1500,0
Miniworld,421,christchurch/train/404_x.tif,christchurch/train/404_y.tif,0,0,1500,1500,1
Miniworld,422,christchurch/train/405_x.tif,christchurch/train/405_y.tif,0,0,1500,1500,2
Miniworld,423,christchurch/train/406_x.tif,christchurch/train/406_y.tif,0,0,1500,1500,3
Miniworld,424,christchurch/train/409_x.tif,christchurch/train/409_y.tif,0,0,1500,1500,4
Miniworld,425,christchurch/train/410_x.tif,christchurch/train/410_y.tif,0,0,1500,1500,5
Miniworld,426,christchurch/train/411_x.tif,christchurch/train/411_y.tif,0,0,1500,1500,6
Miniworld,427,christchurch/train/412_x.tif,christchurch/train/412_y.tif,0,0,1500,1500,7
Miniworld,428,christchurch/train/413_x.tif,christchurch/train/413_y.tif,0,0,1500,1500,8
Miniworld,429,christchurch/train/414_x.tif,christchurch/train/414_y.tif,0,0,1500,1500,9
Miniworld,430,christchurch/train/415_x.tif,christchurch/train/415_y.tif,0,0,1500,1500,10
Miniworld,431,christchurch/train/416_x.tif,christchurch/train/416_y.tif,0,0,1500,1500,11
Miniworld,432,christchurch/train/417_x.tif,christchurch/train/417_y.tif,0,0,1500,1500,12
Miniworld,433,christchurch/train/418_x.tif,christchurch/train/418_y.tif,0,0,1500,1500,13
Miniworld,434,christchurch/train/419_x.tif,christchurch/train/419_y.tif,0,0,1500,1500,14
Miniworld,435,christchurch/train/421_x.tif,christchurch/train/421_y.tif,0,0,1500,1500,15
Miniworld,436,christchurch/train/423_x.tif,christchurch/train/423_y.tif,0,0,1500,1500,16
Miniworld,437,christchurch/train/424_x.tif,christchurch/train/424_y.tif,0,0,1500,1500,17
Miniworld,438,christchurch/train/425_x.tif,christchurch/train/425_y.tif,0,0,1500,1500,18
Miniworld,439,christchurch/train/426_x.tif,christchurch/train/426_y.tif,0,0,1500,1500,19
Miniworld,440,christchurch/train/427_x.tif,christchurch/train/427_y.tif,0,0,1500,1500,0
Miniworld,441,christchurch/train/428_x.tif,christchurch/train/428_y.tif,0,0,1500,1500,1
Miniworld,442,christchurch/train/429_x.tif,christchurch/train/429_y.tif,0,0,1500,1500,2
Miniworld,443,christchurch/train/430_x.tif,christchurch/train/430_y.tif,0,0,1500,1500,3
Miniworld,444,christchurch/train/431_x.tif,christchurch/train/431_y.tif,0,0,1500,1500,4
Miniworld,445,christchurch/train/432_x.tif,christchurch/train/432_y.tif,0,0,1500,1500,5
Miniworld,446,christchurch/train/433_x.tif,christchurch/train/433_y.tif,0,0,1500,1500,6
Miniworld,447,christchurch/train/434_x.tif,christchurch/train/434_y.tif,0,0,1500,1500,7
Miniworld,448,christchurch/train/435_x.tif,christchurch/train/435_y.tif,0,0,1500,1500,8
Miniworld,449,christchurch/train/436_x.tif,christchurch/train/436_y.tif,0,0,1500,1500,9
Miniworld,450,christchurch/train/437_x.tif,christchurch/train/437_y.tif,0,0,1500,1500,10
Miniworld,451,christchurch/train/438_x.tif,christchurch/train/438_y.tif,0,0,1500,1500,11
Miniworld,452,christchurch/train/440_x.tif,christchurch/train/440_y.tif,0,0,1500,1500,12
Miniworld,453,christchurch/train/441_x.tif,christchurch/train/441_y.tif,0,0,1500,1500,13
Miniworld,454,christchurch/train/442_x.tif,christchurch/train/442_y.tif,0,0,1500,1500,14
Miniworld,455,christchurch/train/443_x.tif,christchurch/train/443_y.tif,0,0,1500,1500,15
Miniworld,456,christchurch/train/444_x.tif,christchurch/train/444_y.tif,0,0,1500,1500,16
Miniworld,457,christchurch/train/445_x.tif,christchurch/train/445_y.tif,0,0,1500,1500,17
Miniworld,458,christchurch/train/446_x.tif,christchurch/train/446_y.tif,0,0,1500,1500,18
Miniworld,459,christchurch/train/448_x.tif,christchurch/train/448_y.tif,0,0,1500,1500,19
Miniworld,460,christchurch/train/449_x.tif,christchurch/train/449_y.tif,0,0,1500,1500,0
Miniworld,461,christchurch/train/450_x.tif,christchurch/train/450_y.tif,0,0,1500,1500,1
Miniworld,462,christchurch/train/452_x.tif,christchurch/train/452_y.tif,0,0,1500,1500,2
Miniworld,463,christchurch/train/453_x.tif,christchurch/train/453_y.tif,0,0,1500,1500,3
Miniworld,464,christchurch/train/455_x.tif,christchurch/train/455_y.tif,0,0,1500,1500,4
Miniworld,465,christchurch/train/456_x.tif,christchurch/train/456_y.tif,0,0,1500,1500,5
Miniworld,466,christchurch/train/457_x.tif,christchurch/train/457_y.tif,0,0,1500,1500,6
Miniworld,468,christchurch/train/459_x.tif,christchurch/train/459_y.tif,0,0,1500,1500,8
Miniworld,469,christchurch/train/460_x.tif,christchurch/train/460_y.tif,0,0,1500,1500,9
Miniworld,470,christchurch/train/461_x.tif,christchurch/train/461_y.tif,0,0,1500,1500,10
Miniworld,471,christchurch/train/462_x.tif,christchurch/train/462_y.tif,0,0,1500,1500,11
Miniworld,472,christchurch/train/463_x.tif,christchurch/train/463_y.tif,0,0,1500,1500,12
Miniworld,473,christchurch/train/464_x.tif,christchurch/train/464_y.tif,0,0,1500,1500,13
Miniworld,474,christchurch/train/465_x.tif,christchurch/train/465_y.tif,0,0,1500,1500,14
Miniworld,475,christchurch/train/466_x.tif,christchurch/train/466_y.tif,0,0,1500,1500,15
Miniworld,476,christchurch/train/467_x.tif,christchurch/train/467_y.tif,0,0,1500,1500,16
Miniworld,477,christchurch/train/468_x.tif,christchurch/train/468_y.tif,0,0,1500,1500,17
Miniworld,478,christchurch/train/469_x.tif,christchurch/train/469_y.tif,0,0,1500,1500,18
Miniworld,479,christchurch/train/470_x.tif,christchurch/train/470_y.tif,0,0,1500,1500,19
Miniworld,480,christchurch/train/471_x.tif,christchurch/train/471_y.tif,0,0,1500,1500,0
Miniworld,481,christchurch/train/472_x.tif,christchurch/train/472_y.tif,0,0,1500,1500,1
Miniworld,482,christchurch/train/473_x.tif,christchurch/train/473_y.tif,0,0,1500,1500,2
Miniworld,483,christchurch/train/474_x.tif,christchurch/train/474_y.tif,0,0,1500,1500,3
Miniworld,484,christchurch/train/476_x.tif,christchurch/train/476_y.tif,0,0,1500,1500,4
Miniworld,485,christchurch/train/477_x.tif,christchurch/train/477_y.tif,0,0,1500,1500,5
Miniworld,486,christchurch/train/478_x.tif,christchurch/train/478_y.tif,0,0,1500,1500,6
Miniworld,487,christchurch/train/479_x.tif,christchurch/train/479_y.tif,0,0,1500,1500,7
Miniworld,488,christchurch/train/480_x.tif,christchurch/train/480_y.tif,0,0,1500,1500,8
Miniworld,489,christchurch/train/481_x.tif,christchurch/train/481_y.tif,0,0,1500,1500,9
Miniworld,490,christchurch/train/482_x.tif,christchurch/train/482_y.tif,0,0,1500,1500,10
Miniworld,491,christchurch/train/484_x.tif,christchurch/train/484_y.tif,0,0,1500,1500,11
Miniworld,492,christchurch/train/485_x.tif,christchurch/train/485_y.tif,0,0,1500,1500,12
Miniworld,493,christchurch/train/486_x.tif,christchurch/train/486_y.tif,0,0,1500,1500,13
Miniworld,494,christchurch/train/487_x.tif,christchurch/train/487_y.tif,0,0,1500,1500,14
Miniworld,495,christchurch/train/488_x.tif,christchurch/train/488_y.tif,0,0,1500,1500,15
Miniworld,496,christchurch/train/489_x.tif,christchurch/train/489_y.tif,0,0,1500,1500,16
Miniworld,497,christchurch/train/491_x.tif,christchurch/train/491_y.tif,0,0,1500,1500,17
Miniworld,498,christchurch/train/493_x.tif,christchurch/train/493_y.tif,0,0,1500,1500,18
Miniworld,499,christchurch/train/495_x.tif,christchurch/train/495_y.tif,0,0,1500,1500,19
Miniworld,500,christchurch/train/496_x.tif,christchurch/train/496_y.tif,0,0,1500,1500,0
Miniworld,501,christchurch/train/497_x.tif,christchurch/train/497_y.tif,0,0,1500,1500,1
Miniworld,502,christchurch/train/498_x.tif,christchurch/train/498_y.tif,0,0,1500,1500,2
Miniworld,503,christchurch/train/499_x.tif,christchurch/train/499_y.tif,0,0,1500,1500,3
Miniworld,504,christchurch/train/500_x.tif,christchurch/train/500_y.tif,0,0,1500,1500,4
Miniworld,505,christchurch/train/502_x.tif,christchurch/train/502_y.tif,0,0,1500,1500,5
Miniworld,506,christchurch/train/503_x.tif,christchurch/train/503_y.tif,0,0,1500,1500,6
Miniworld,507,christchurch/train/504_x.tif,christchurch/train/504_y.tif,0,0,1500,1500,7
Miniworld,508,christchurch/train/506_x.tif,christchurch/train/506_y.tif,0,0,1500,1500,8
Miniworld,509,christchurch/train/509_x.tif,christchurch/train/509_y.tif,0,0,1500,1500,9
Miniworld,510,christchurch/train/510_x.tif,christchurch/train/510_y.tif,0,0,1500,1500,10
Miniworld,511,christchurch/train/511_x.tif,christchurch/train/511_y.tif,0,0,1500,1500,11
Miniworld,512,christchurch/train/512_x.tif,christchurch/train/512_y.tif,0,0,1500,1500,12
Miniworld,513,christchurch/train/513_x.tif,christchurch/train/513_y.tif,0,0,1500,1500,13
Miniworld,514,christchurch/train/514_x.tif,christchurch/train/514_y.tif,0,0,1500,1500,14
Miniworld,515,christchurch/train/516_x.tif,christchurch/train/516_y.tif,0,0,1500,1500,15
Miniworld,516,christchurch/train/517_x.tif,christchurch/train/517_y.tif,0,0,1500,1500,16
Miniworld,517,christchurch/train/518_x.tif,christchurch/train/518_y.tif,0,0,1500,1500,17
Miniworld,518,christchurch/train/519_x.tif,christchurch/train/519_y.tif,0,0,1500,1500,18
Miniworld,519,christchurch/train/520_x.tif,christchurch/train/520_y.tif,0,0,1500,1500,19
Miniworld,520,christchurch/train/521_x.tif,christchurch/train/521_y.tif,0,0,1500,1500,0
Miniworld,521,christchurch/train/522_x.tif,christchurch/train/522_y.tif,0,0,1500,1500,1
Miniworld,522,christchurch/train/523_x.tif,christchurch/train/523_y.tif,0,0,1500,1500,2
Miniworld,523,christchurch/train/524_x.tif,christchurch/train/524_y.tif,0,0,1500,1500,3
Miniworld,524,christchurch/train/525_x.tif,christchurch/train/525_y.tif,0,0,1500,1500,4
Miniworld,525,christchurch/train/526_x.tif,christchurch/train/526_y.tif,0,0,1500,1500,5
Miniworld,526,christchurch/train/527_x.tif,christchurch/train/527_y.tif,0,0,1500,1500,6
Miniworld,527,christchurch/train/528_x.tif,christchurch/train/528_y.tif,0,0,1500,1500,7
Miniworld,528,christchurch/train/529_x.tif,christchurch/train/529_y.tif,0,0,1500,1500,8
Miniworld,529,christchurch/train/531_x.tif,christchurch/train/531_y.tif,0,0,1500,1500,9
Miniworld,530,christchurch/train/532_x.tif,christchurch/train/532_y.tif,0,0,1500,1500,10
Miniworld,531,christchurch/train/533_x.tif,christchurch/train/533_y.tif,0,0,1500,1500,11
Miniworld,532,christchurch/train/534_x.tif,christchurch/train/534_y.tif,0,0,1500,1500,12
Miniworld,533,christchurch/train/535_x.tif,christchurch/train/535_y.tif,0,0,1500,1500,13
Miniworld,534,christchurch/train/536_x.tif,christchurch/train/536_y.tif,0,0,1500,1500,14
Miniworld,535,christchurch/train/537_x.tif,christchurch/train/537_y.tif,0,0,1500,1500,15
Miniworld,536,christchurch/train/538_x.tif,christchurch/train/538_y.tif,0,0,1500,1500,16
Miniworld,537,christchurch/train/539_x.tif,christchurch/train/539_y.tif,0,0,1500,1500,17
Miniworld,538,christchurch/train/540_x.tif,christchurch/train/540_y.tif,0,0,1500,1500,18
Miniworld,539,christchurch/train/541_x.tif,christchurch/train/541_y.tif,0,0,1500,1500,19
Miniworld,540,christchurch/train/543_x.tif,christchurch/train/543_y.tif,0,0,1500,1500,0
Miniworld,541,christchurch/train/544_x.tif,christchurch/train/544_y.tif,0,0,1500,1500,1
Miniworld,542,christchurch/train/545_x.tif,christchurch/train/545_y.tif,0,0,1500,1500,2
Miniworld,543,christchurch/train/546_x.tif,christchurch/train/546_y.tif,0,0,1500,1500,3
Miniworld,544,christchurch/train/547_x.tif,christchurch/train/547_y.tif,0,0,1500,1500,4
Miniworld,545,christchurch/train/548_x.tif,christchurch/train/548_y.tif,0,0,1500,1500,5
Miniworld,546,christchurch/train/549_x.tif,christchurch/train/549_y.tif,0,0,1500,1500,6
Miniworld,547,christchurch/train/550_x.tif,christchurch/train/550_y.tif,0,0,1500,1500,7
Miniworld,548,christchurch/train/553_x.tif,christchurch/train/553_y.tif,0,0,1500,1500,8
Miniworld,549,christchurch/train/554_x.tif,christchurch/train/554_y.tif,0,0,1500,1500,9
Miniworld,550,christchurch/train/555_x.tif,christchurch/train/555_y.tif,0,0,1500,1500,10
Miniworld,551,christchurch/train/556_x.tif,christchurch/train/556_y.tif,0,0,1500,1500,11
Miniworld,552,christchurch/train/558_x.tif,christchurch/train/558_y.tif,0,0,1500,1500,12
Miniworld,553,christchurch/train/559_x.tif,christchurch/train/559_y.tif,0,0,1500,1500,13
Miniworld,554,christchurch/train/560_x.tif,christchurch/train/560_y.tif,0,0,1500,1500,14
Miniworld,555,christchurch/train/561_x.tif,christchurch/train/561_y.tif,0,0,1500,1500,15
Miniworld,556,christchurch/train/562_x.tif,christchurch/train/562_y.tif,0,0,1500,1500,16
Miniworld,557,christchurch/train/563_x.tif,christchurch/train/563_y.tif,0,0,1500,1500,17
Miniworld,558,christchurch/train/564_x.tif,christchurch/train/564_y.tif,0,0,1500,1500,18
Miniworld,559,christchurch/train/565_x.tif,christchurch/train/565_y.tif,0,0,1500,1500,19
Miniworld,560,christchurch/train/566_x.tif,christchurch/train/566_y.tif,0,0,1500,1500,0
Miniworld,561,christchurch/train/567_x.tif,christchurch/train/567_y.tif,0,0,1500,1500,1
Miniworld,562,christchurch/train/568_x.tif,christchurch/train/568_y.tif,0,0,1500,1500,2
Miniworld,563,christchurch/train/569_x.tif,christchurch/train/569_y.tif,0,0,1500,1500,3
Miniworld,564,christchurch/train/570_x.tif,christchurch/train/570_y.tif,0,0,1500,1500,4
Miniworld,565,christchurch/train/572_x.tif,christchurch/train/572_y.tif,0,0,1500,1500,5
Miniworld,566,christchurch/train/573_x.tif,christchurch/train/573_y.tif,0,0,1500,1500,6
Miniworld,567,christchurch/train/574_x.tif,christchurch/train/574_y.tif,0,0,1500,1500,7
Miniworld,568,christchurch/train/575_x.tif,christchurch/train/575_y.tif,0,0,1500,1500,8
Miniworld,569,christchurch/train/576_x.tif,christchurch/train/576_y.tif,0,0,1500,1500,9
Miniworld,570,christchurch/train/577_x.tif,christchurch/train/577_y.tif,0,0,1500,1500,10
Miniworld,571,christchurch/train/578_x.tif,christchurch/train/578_y.tif,0,0,1500,1500,11
Miniworld,572,christchurch/train/579_x.tif,christchurch/train/579_y.tif,0,0,1500,1500,12
Miniworld,573,christchurch/train/580_x.tif,christchurch/train/580_y.tif,0,0,1500,1500,13
Miniworld,574,christchurch/train/581_x.tif,christchurch/train/581_y.tif,0,0,1500,1500,14
Miniworld,575,christchurch/train/582_x.tif,christchurch/train/582_y.tif,0,0,1500,1500,15
Miniworld,576,christchurch/train/583_x.tif,christchurch/train/583_y.tif,0,0,1500,1500,16
Miniworld,577,christchurch/train/584_x.tif,christchurch/train/584_y.tif,0,0,1500,1500,17
Miniworld,578,christchurch/train/585_x.tif,christchurch/train/585_y.tif,0,0,1500,1500,18
Miniworld,579,christchurch/train/586_x.tif,christchurch/train/586_y.tif,0,0,1500,1500,19
Miniworld,580,christchurch/train/587_x.tif,christchurch/train/587_y.tif,0,0,1500,1500,0
Miniworld,581,christchurch/train/592_x.tif,christchurch/train/592_y.tif,0,0,1500,1500,1
Miniworld,582,christchurch/train/593_x.tif,christchurch/train/593_y.tif,0,0,1500,1500,2
Miniworld,583,christchurch/train/594_x.tif,christchurch/train/594_y.tif,0,0,1500,1500,3
Miniworld,584,christchurch/train/595_x.tif,christchurch/train/595_y.tif,0,0,1500,1500,4
Miniworld,585,christchurch/train/596_x.tif,christchurch/train/596_y.tif,0,0,1500,1500,5
Miniworld,586,christchurch/train/597_x.tif,christchurch/train/597_y.tif,0,0,1500,1500,6
Miniworld,587,christchurch/train/598_x.tif,christchurch/train/598_y.tif,0,0,1500,1500,7
Miniworld,588,christchurch/train/599_x.tif,christchurch/train/599_y.tif,0,0,1500,1500,8
Miniworld,589,christchurch/train/600_x.tif,christchurch/train/600_y.tif,0,0,1500,1500,9
Miniworld,591,christchurch/train/603_x.tif,christchurch/train/603_y.tif,0,0,1500,1500,11
Miniworld,592,christchurch/train/604_x.tif,christchurch/train/604_y.tif,0,0,1500,1500,12
Miniworld,593,christchurch/train/605_x.tif,christchurch/train/605_y.tif,0,0,1500,1500,13
Miniworld,594,christchurch/train/606_x.tif,christchurch/train/606_y.tif,0,0,1500,1500,14
Miniworld,595,christchurch/train/607_x.tif,christchurch/train/607_y.tif,0,0,1500,1500,15
Miniworld,596,christchurch/train/608_x.tif,christchurch/train/608_y.tif,0,0,1500,1500,16
Miniworld,597,christchurch/train/609_x.tif,christchurch/train/609_y.tif,0,0,1500,1500,17
Miniworld,598,christchurch/train/610_x.tif,christchurch/train/610_y.tif,0,0,1500,1500,18
Miniworld,599,christchurch/train/611_x.tif,christchurch/train/611_y.tif,0,0,1500,1500,19
Miniworld,600,christchurch/train/612_x.tif,christchurch/train/612_y.tif,0,0,1500,1500,0
Miniworld,601,christchurch/train/613_x.tif,christchurch/train/613_y.tif,0,0,1500,1500,1
Miniworld,602,christchurch/train/614_x.tif,christchurch/train/614_y.tif,0,0,1500,1500,2
Miniworld,603,christchurch/train/615_x.tif,christchurch/train/615_y.tif,0,0,1500,1500,3
Miniworld,604,christchurch/train/616_x.tif,christchurch/train/616_y.tif,0,0,1500,1500,4
Miniworld,605,christchurch/train/617_x.tif,christchurch/train/617_y.tif,0,0,1500,1500,5
Miniworld,606,christchurch/train/618_x.tif,christchurch/train/618_y.tif,0,0,1500,1500,6
Miniworld,607,christchurch/train/619_x.tif,christchurch/train/619_y.tif,0,0,1500,1500,7
Miniworld,608,christchurch/train/620_x.tif,christchurch/train/620_y.tif,0,0,1500,1500,8
Miniworld,609,christchurch/train/621_x.tif,christchurch/train/621_y.tif,0,0,1500,1500,9
Miniworld,610,christchurch/train/622_x.tif,christchurch/train/622_y.tif,0,0,1500,1500,10
Miniworld,611,christchurch/train/623_x.tif,christchurch/train/623_y.tif,0,0,1500,1500,11
Miniworld,612,christchurch/train/624_x.tif,christchurch/train/624_y.tif,0,0,1500,1500,12
Miniworld,613,christchurch/train/625_x.tif,christchurch/train/625_y.tif,0,0,1500,1500,13
Miniworld,614,christchurch/train/626_x.tif,christchurch/train/626_y.tif,0,0,1500,1500,14
Miniworld,615,christchurch/train/628_x.tif,christchurch/train/628_y.tif,0,0,1500,1500,15
Miniworld,616,christchurch/train/629_x.tif,christchurch/train/629_y.tif,0,0,1500,1500,16
Miniworld,617,christchurch/train/630_x.tif,christchurch/train/630_y.tif,0,0,1500,1500,17
Miniworld,619,christchurch/train/632_x.tif,christchurch/train/632_y.tif,0,0,1500,1500,19
Miniworld,620,christchurch/train/633_x.tif,christchurch/train/633_y.tif,0,0,1500,1500,0
Miniworld,621,christchurch/train/635_x.tif,christchurch/train/635_y.tif,0,0,1500,1500,1
Miniworld,622,christchurch/train/637_x.tif,christchurch/train/637_y.tif,0,0,1500,1500,2
Miniworld,623,christchurch/train/638_x.tif,christchurch/train/638_y.tif,0,0,1500,1500,3
Miniworld,624,christchurch/train/639_x.tif,christchurch/train/639_y.tif,0,0,1500,1500,4
Miniworld,625,christchurch/train/640_x.tif,christchurch/train/640_y.tif,0,0,1500,1500,5
Miniworld,626,christchurch/train/641_x.tif,christchurch/train/641_y.tif,0,0,1500,1500,6
Miniworld,627,christchurch/train/642_x.tif,christchurch/train/642_y.tif,0,0,1500,1500,7
Miniworld,628,christchurch/train/643_x.tif,christchurch/train/643_y.tif,0,0,1500,1500,8
Miniworld,629,christchurch/train/644_x.tif,christchurch/train/644_y.tif,0,0,1500,1500,9
Miniworld,630,christchurch/train/645_x.tif,christchurch/train/645_y.tif,0,0,1500,1500,10
Miniworld,631,christchurch/train/646_x.tif,christchurch/train/646_y.tif,0,0,1500,1500,11
Miniworld,632,christchurch/train/647_x.tif,christchurch/train/647_y.tif,0,0,1500,1500,12
Miniworld,633,christchurch/train/649_x.tif,christchurch/train/649_y.tif,0,0,1500,1500,13
Miniworld,634,christchurch/train/651_x.tif,christchurch/train/651_y.tif,0,0,1500,1500,14
Miniworld,635,christchurch/train/652_x.tif,christchurch/train/652_y.tif,0,0,1500,1500,15
Miniworld,636,christchurch/train/653_x.tif,christchurch/train/653_y.tif,0,0,1500,1500,16
Miniworld,637,christchurch/train/654_x.tif,christchurch/train/654_y.tif,0,0,1500,1500,17
Miniworld,638,christchurch/train/655_x.tif,christchurch/train/655_y.tif,0,0,1500,1500,18
Miniworld,639,christchurch/train/656_x.tif,christchurch/train/656_y.tif,0,0,1500,1500,19
Miniworld,640,christchurch/train/657_x.tif,christchurch/train/657_y.tif,0,0,1500,1500,0
Miniworld,641,christchurch/train/659_x.tif,christchurch/train/659_y.tif,0,0,1500,1500,1
Miniworld,642,christchurch/train/660_x.tif,christchurch/train/660_y.tif,0,0,1500,1500,2
Miniworld,643,christchurch/train/661_x.tif,christchurch/train/661_y.tif,0,0,1500,1500,3
Miniworld,644,christchurch/train/665_x.tif,christchurch/train/665_y.tif,0,0,1500,1500,4
Miniworld,645,christchurch/train/666_x.tif,christchurch/train/666_y.tif,0,0,1500,1500,5
Miniworld,646,christchurch/train/667_x.tif,christchurch/train/667_y.tif,0,0,1500,1500,6
Miniworld,647,christchurch/train/668_x.tif,christchurch/train/668_y.tif,0,0,1500,1500,7
Miniworld,648,christchurch/train/669_x.tif,christchurch/train/669_y.tif,0,0,1500,1500,8
Miniworld,649,christchurch/train/670_x.tif,christchurch/train/670_y.tif,0,0,1500,1500,9
Miniworld,650,christchurch/train/671_x.tif,christchurch/train/671_y.tif,0,0,1500,1500,10
Miniworld,651,christchurch/train/672_x.tif,christchurch/train/672_y.tif,0,0,1500,1500,11
Miniworld,652,christchurch/train/673_x.tif,christchurch/train/673_y.tif,0,0,1500,1500,12
Miniworld,653,christchurch/train/674_x.tif,christchurch/train/674_y.tif,0,0,1500,1500,13
Miniworld,654,christchurch/train/675_x.tif,christchurch/train/675_y.tif,0,0,1500,1500,14
Miniworld,655,christchurch/train/676_x.tif,christchurch/train/676_y.tif,0,0,1500,1500,15
Miniworld,656,christchurch/train/677_x.tif,christchurch/train/677_y.tif,0,0,1500,1500,16
Miniworld,657,christchurch/train/678_x.tif,christchurch/train/678_y.tif,0,0,1500,1500,17
Miniworld,658,christchurch/train/679_x.tif,christchurch/train/679_y.tif,0,0,1500,1500,18
Miniworld,659,christchurch/train/680_x.tif,christchurch/train/680_y.tif,0,0,1500,1500,19
Miniworld,660,christchurch/train/681_x.tif,christchurch/train/681_y.tif,0,0,1500,1500,0
Miniworld,661,christchurch/train/682_x.tif,christchurch/train/682_y.tif,0,0,1500,1500,1
Miniworld,662,christchurch/train/683_x.tif,christchurch/train/683_y.tif,0,0,1500,1500,2
Miniworld,663,christchurch/train/684_x.tif,christchurch/train/684_y.tif,0,0,1500,1500,3
Miniworld,664,christchurch/train/685_x.tif,christchurch/train/685_y.tif,0,0,1500,1500,4
Miniworld,665,christchurch/train/688_x.tif,christchurch/train/688_y.tif,0,0,1500,1500,5
Miniworld,666,christchurch/train/690_x.tif,christchurch/train/690_y.tif,0,0,1500,1500,6
Miniworld,667,christchurch/train/691_x.tif,christchurch/train/691_y.tif,0,0,1500,1500,7
Miniworld,668,christchurch/train/692_x.tif,christchurch/train/692_y.tif,0,0,1500,1500,8
Miniworld,669,christchurch/train/693_x.tif,christchurch/train/693_y.tif,0,0,1500,1500,9
Miniworld,670,christchurch/train/694_x.tif,christchurch/train/694_y.tif,0,0,1500,1500,10
Miniworld,671,christchurch/train/695_x.tif,christchurch/train/695_y.tif,0,0,1500,1500,11
Miniworld,672,christchurch/train/696_x.tif,christchurch/train/696_y.tif,0,0,1500,1500,12
Miniworld,673,christchurch/train/697_x.tif,christchurch/train/697_y.tif,0,0,1500,1500,13
Miniworld,674,christchurch/train/698_x.tif,christchurch/train/698_y.tif,0,0,1500,1500,14
Miniworld,675,christchurch/train/699_x.tif,christchurch/train/699_y.tif,0,0,1500,1500,15
Miniworld,676,christchurch/train/700_x.tif,christchurch/train/700_y.tif,0,0,1500,1500,16
Miniworld,677,christchurch/train/701_x.tif,christchurch/train/701_y.tif,0,0,1500,1500,17
Miniworld,678,christchurch/train/702_x.tif,christchurch/train/702_y.tif,0,0,1500,1500,18
Miniworld,679,christchurch/train/704_x.tif,christchurch/train/704_y.tif,0,0,1500,1500,19
Miniworld,680,christchurch/train/706_x.tif,christchurch/train/706_y.tif,0,0,1500,1500,0
Miniworld,681,christchurch/train/707_x.tif,christchurch/train/707_y.tif,0,0,1500,1500,1
Miniworld,682,christchurch/train/708_x.tif,christchurch/train/708_y.tif,0,0,1500,1500,2
Miniworld,683,christchurch/train/709_x.tif,christchurch/train/709_y.tif,0,0,1500,1500,3
Miniworld,684,christchurch/train/710_x.tif,christchurch/train/710_y.tif,0,0,1500,1500,4
Miniworld,685,christchurch/train/712_x.tif,christchurch/train/712_y.tif,0,0,1500,1500,5
Miniworld,686,christchurch/train/713_x.tif,christchurch/train/713_y.tif,0,0,1500,1500,6
Miniworld,687,christchurch/train/714_x.tif,christchurch/train/714_y.tif,0,0,1500,1500,7
Miniworld,688,christchurch/train/716_x.tif,christchurch/train/716_y.tif,0,0,1500,1500,8
Miniworld,689,christchurch/train/718_x.tif,christchurch/train/718_y.tif,0,0,1500,1500,9
Miniworld,690,christchurch/train/719_x.tif,christchurch/train/719_y.tif,0,0,1500,1500,10
Miniworld,691,christchurch/train/720_x.tif,christchurch/train/720_y.tif,0,0,1500,1500,11
Miniworld,692,christchurch/train/721_x.tif,christchurch/train/721_y.tif,0,0,1500,1500,12
Miniworld,693,christchurch/train/722_x.tif,christchurch/train/722_y.tif,0,0,1500,1500,13
Miniworld,694,christchurch/train/723_x.tif,christchurch/train/723_y.tif,0,0,1500,1500,14
Miniworld,695,christchurch/train/724_x.tif,christchurch/train/724_y.tif,0,0,1500,1500,15
Miniworld,696,christchurch/train/725_x.tif,christchurch/train/725_y.tif,0,0,1500,1500,16
Miniworld,697,christchurch/train/726_x.tif,christchurch/train/726_y.tif,0,0,1500,1500,17
Miniworld,698,christchurch/train/727_x.tif,christchurch/train/727_y.tif,0,0,1500,1500,18
Miniworld,699,christchurch/train/728_x.tif,christchurch/train/728_y.tif,0,0,1500,1500,19
Miniworld,700,christchurch/train/729_x.tif,christchurch/train/729_y.tif,0,0,1500,1500,0
Miniworld,701,christchurch/train/730_x.tif,christchurch/train/730_y.tif,0,0,1500,1500,1
Miniworld,702,christchurch/train/731_x.tif,christchurch/train/731_y.tif,0,0,1500,1500,2
Miniworld,703,christchurch/train/732_x.tif,christchurch/train/732_y.tif,0,0,1500,1500,3
Miniworld,704,christchurch/train/733_x.tif,christchurch/train/733_y.tif,0,0,1500,1500,4
Miniworld,705,christchurch/train/734_x.tif,christchurch/train/734_y.tif,0,0,1500,1500,5
Miniworld,706,christchurch/train/735_x.tif,christchurch/train/735_y.tif,0,0,1500,1500,6
Miniworld,707,christchurch/train/736_x.tif,christchurch/train/736_y.tif,0,0,1500,1500,7
Miniworld,708,christchurch/train/737_x.tif,christchurch/train/737_y.tif,0,0,1500,1500,8
Miniworld,709,christchurch/train/739_x.tif,christchurch/train/739_y.tif,0,0,1500,1500,9
Miniworld,710,christchurch/train/740_x.tif,christchurch/train/740_y.tif,0,0,1500,1500,10
Miniworld,711,christchurch/train/741_x.tif,christchurch/train/741_y.tif,0,0,1500,1500,11
Miniworld,712,christchurch/train/742_x.tif,christchurch/train/742_y.tif,0,0,1500,1500,12
Miniworld,713,christchurch/train/743_x.tif,christchurch/train/743_y.tif,0,0,1500,1500,13
Miniworld,714,christchurch/train/744_x.tif,christchurch/train/744_y.tif,0,0,1500,1500,14
Miniworld,715,christchurch/train/745_x.tif,christchurch/train/745_y.tif,0,0,1500,1500,15
Miniworld,716,christchurch/train/747_x.tif,christchurch/train/747_y.tif,0,0,1500,1500,16
Miniworld,717,christchurch/train/748_x.tif,christchurch/train/748_y.tif,0,0,1500,1500,17
Miniworld,718,christchurch/train/750_x.tif,christchurch/train/750_y.tif,0,0,1500,1500,18
Miniworld,719,christchurch/train/751_x.tif,christchurch/train/751_y.tif,0,0,1500,1500,19
Miniworld,720,christchurch/train/752_x.tif,christchurch/train/752_y.tif,0,0,1500,1500,0
Miniworld,721,christchurch/train/753_x.tif,christchurch/train/753_y.tif,0,0,1500,1500,1
Miniworld,722,christchurch/train/754_x.tif,christchurch/train/754_y.tif,0,0,1500,1500,2
Miniworld,723,christchurch/train/755_x.tif,christchurch/train/755_y.tif,0,0,1500,1500,3
Miniworld,724,christchurch/train/757_x.tif,christchurch/train/757_y.tif,0,0,1500,1500,4
Miniworld,725,christchurch/train/758_x.tif,christchurch/train/758_y.tif,0,0,1500,1500,5
Miniworld,726,christchurch/train/759_x.tif,christchurch/train/759_y.tif,0,0,1500,1500,6
Miniworld,727,christchurch/train/760_x.tif,christchurch/train/760_y.tif,0,0,1500,1500,7
Miniworld,728,christchurch/train/761_x.tif,christchurch/train/761_y.tif,0,0,1500,1500,8
Miniworld,729,christchurch/train/763_x.tif,christchurch/train/763_y.tif,0,0,1500,1500,9
Miniworld,730,christchurch/train/764_x.tif,christchurch/train/764_y.tif,0,0,1500,1500,10
Miniworld,731,christchurch/train/765_x.tif,christchurch/train/765_y.tif,0,0,1500,1500,11
Miniworld,732,christchurch/train/766_x.tif,christchurch/train/766_y.tif,0,0,1500,1500,12
Miniworld,733,christchurch/train/767_x.tif,christchurch/train/767_y.tif,0,0,1500,1500,13
Miniworld,734,christchurch/train/768_x.tif,christchurch/train/768_y.tif,0,0,1500,1500,14
Miniworld,735,christchurch/train/769_x.tif,christchurch/train/769_y.tif,0,0,1500,1500,15
Miniworld,736,christchurch/train/771_x.tif,christchurch/train/771_y.tif,0,0,1500,1500,16
Miniworld,737,christchurch/train/772_x.tif,christchurch/train/772_y.tif,0,0,1500,1500,17
Miniworld,738,christchurch/train/773_x.tif,christchurch/train/773_y.tif,0,0,1500,1500,18
Miniworld,739,christchurch/train/775_x.tif,christchurch/train/775_y.tif,0,0,1500,1500,19
Miniworld,740,christchurch/train/776_x.tif,christchurch/train/776_y.tif,0,0,1500,1500,0
Miniworld,741,christchurch/train/778_x.tif,christchurch/train/778_y.tif,0,0,1500,1500,1
Miniworld,742,christchurch/train/779_x.tif,christchurch/train/779_y.tif,0,0,1500,1500,2
Miniworld,743,christchurch/train/780_x.tif,christchurch/train/780_y.tif,0,0,1500,1500,3
Miniworld,744,christchurch/train/781_x.tif,christchurch/train/781_y.tif,0,0,1500,1500,4
Miniworld,745,christchurch/train/783_x.tif,christchurch/train/783_y.tif,0,0,1500,1500,5
Miniworld,746,christchurch/train/784_x.tif,christchurch/train/784_y.tif,0,0,1500,1500,6
Miniworld,747,christchurch/train/785_x.tif,christchurch/train/785_y.tif,0,0,1500,1500,7
Miniworld,748,christchurch/train/786_x.tif,christchurch/train/786_y.tif,0,0,1500,1500,8
Miniworld,749,christchurch/train/787_x.tif,christchurch/train/787_y.tif,0,0,1500,1500,9
Miniworld,750,christchurch/train/789_x.tif,christchurch/train/789_y.tif,0,0,1500,1500,10
Miniworld,751,christchurch/train/790_x.tif,christchurch/train/790_y.tif,0,0,1500,1500,11
Miniworld,752,christchurch/train/791_x.tif,christchurch/train/791_y.tif,0,0,1500,1500,12
Miniworld,753,christchurch/train/792_x.tif,christchurch/train/792_y.tif,0,0,1500,1500,13
Miniworld,754,christchurch/train/793_x.tif,christchurch/train/793_y.tif,0,0,1500,1500,14
Miniworld,755,christchurch/train/796_x.tif,christchurch/train/796_y.tif,0,0,1500,1500,15
Miniworld,756,christchurch/train/797_x.tif,christchurch/train/797_y.tif,0,0,1500,1500,16
Miniworld,757,christchurch/train/799_x.tif,christchurch/train/799_y.tif,0,0,1500,1500,17
Miniworld,758,christchurch/train/800_x.tif,christchurch/train/800_y.tif,0,0,1500,1500,18
Miniworld,759,christchurch/train/801_x.tif,christchurch/train/801_y.tif,0,0,1500,1500,19
Miniworld,760,christchurch/train/802_x.tif,christchurch/train/802_y.tif,0,0,1500,1500,0
Miniworld,761,christchurch/train/803_x.tif,christchurch/train/803_y.tif,0,0,1500,1500,1
Miniworld,762,christchurch/train/804_x.tif,christchurch/train/804_y.tif,0,0,1500,1500,2
Miniworld,763,christchurch/train/805_x.tif,christchurch/train/805_y.tif,0,0,1500,1500,3
Miniworld,764,christchurch/train/806_x.tif,christchurch/train/806_y.tif,0,0,1500,1500,4
Miniworld,765,christchurch/train/809_x.tif,christchurch/train/809_y.tif,0,0,1500,1500,5
Miniworld,766,christchurch/train/811_x.tif,christchurch/train/811_y.tif,0,0,1500,1500,6
Miniworld,767,christchurch/train/814_x.tif,christchurch/train/814_y.tif,0,0,1500,1500,7
Miniworld,768,christchurch/train/815_x.tif,christchurch/train/815_y.tif,0,0,1500,1500,8
Miniworld,769,christchurch/train/816_x.tif,christchurch/train/816_y.tif,0,0,1500,1500,9
Miniworld,770,christchurch/train/817_x.tif,christchurch/train/817_y.tif,0,0,1500,1500,10
Miniworld,771,christchurch/train/818_x.tif,christchurch/train/818_y.tif,0,0,1500,1500,11
Miniworld,772,christchurch/train/819_x.tif,christchurch/train/819_y.tif,0,0,1500,1500,12
Miniworld,773,christchurch/train/821_x.tif,christchurch/train/821_y.tif,0,0,1500,1500,13
Miniworld,774,christchurch/train/824_x.tif,christchurch/train/824_y.tif,0,0,1500,1500,14
Miniworld,775,christchurch/train/825_x.tif,christchurch/train/825_y.tif,0,0,1500,1500,15
Miniworld,776,christchurch/train/826_x.tif,christchurch/train/826_y.tif,0,0,1500,1500,16
Miniworld,777,christchurch/train/827_x.tif,christchurch/train/827_y.tif,0,0,1500,1500,17
Miniworld,778,christchurch/train/829_x.tif,christchurch/train/829_y.tif,0,0,1500,1500,18
Miniworld,779,christchurch/train/830_x.tif,christchurch/train/830_y.tif,0,0,1500,1500,19
Miniworld,780,christchurch/train/831_x.tif,christchurch/train/831_y.tif,0,0,1500,1500,0
Miniworld,781,christchurch/train/832_x.tif,christchurch/train/832_y.tif,0,0,1500,1500,1
Miniworld,782,christchurch/train/833_x.tif,christchurch/train/833_y.tif,0,0,1500,1500,2
Miniworld,783,christchurch/train/835_x.tif,christchurch/train/835_y.tif,0,0,1500,1500,3
Miniworld,784,christchurch/train/836_x.tif,christchurch/train/836_y.tif,0,0,1500,1500,4
Miniworld,785,christchurch/train/837_x.tif,christchurch/train/837_y.tif,0,0,1500,1500,5
Miniworld,786,christchurch/train/838_x.tif,christchurch/train/838_y.tif,0,0,1500,1500,6
Miniworld,787,christchurch/train/839_x.tif,christchurch/train/839_y.tif,0,0,1500,1500,7
Miniworld,788,christchurch/train/841_x.tif,christchurch/train/841_y.tif,0,0,1500,1500,8
Miniworld,789,christchurch/train/842_x.tif,christchurch/train/842_y.tif,0,0,1500,1500,9
Miniworld,790,christchurch/train/843_x.tif,christchurch/train/843_y.tif,0,0,1500,1500,10
Miniworld,791,christchurch/train/844_x.tif,christchurch/train/844_y.tif,0,0,1500,1500,11
Miniworld,792,christchurch/train/845_x.tif,christchurch/train/845_y.tif,0,0,1500,1500,12
Miniworld,793,christchurch/train/846_x.tif,christchurch/train/846_y.tif,0,0,1500,1500,13
Miniworld,794,christchurch/train/847_x.tif,christchurch/train/847_y.tif,0,0,1500,1500,14
Miniworld,795,christchurch/train/848_x.tif,christchurch/train/848_y.tif,0,0,1500,1500,15
Miniworld,796,christchurch/train/849_x.tif,christchurch/train/849_y.tif,0,0,1500,1500,16
Miniworld,797,christchurch/train/850_x.tif,christchurch/train/850_y.tif,0,0,1500,1500,17
Miniworld,798,christchurch/train/852_x.tif,christchurch/train/852_y.tif,0,0,1500,1500,18
Miniworld,799,christchurch/train/853_x.tif,christchurch/train/853_y.tif,0,0,1500,1500,19
Miniworld,800,christchurch/train/854_x.tif,christchurch/train/854_y.tif,0,0,1500,1500,0
Miniworld,801,christchurch/train/855_x.tif,christchurch/train/855_y.tif,0,0,1500,1500,1
